"Dist Code","Year","State Code","State Name","Dist Name","NITROGEN KHARIF CONSUMPTION (tons)","NITROGEN RABI CONSUMPTION (tons)","PHOSPHATE KHARIF CONSUMPTION (tons)","PHOSPHATE RABI CONSUMPTION (tons)","POTASH KHARIF CONSUMPTION (tons)","POTASH RABI CONSUMPTION (tons)","TOTAL KHARIF CONSUMPTION (tons)","TOTAL RABI CONSUMPTION (tons)"
"95","1990","7","Maharashtra","Bombay","-1.0","-1.0","-1.0","-1.0","-1.0","-1.0","-1.0","-1.0"
"95","1991","7","Maharashtra","Bombay","-1.0","-1.0","-1.0","-1.0","-1.0","-1.0","-1.0","-1.0"
"95","1992","7","Maharashtra","Bombay","-1.0","-1.0","-1.0","-1.0","-1.0","-1.0","-1.0","-1.0"
"95","1993","7","Maharashtra","Bombay","-1.0","-1.0","-1.0","-1.0","-1.0","-1.0","-1.0","-1.0"
"95","1994","7","Maharashtra","Bombay","-1.0","-1.0","-1.0","-1.0","-1.0","-1.0","-1.0","-1.0"
"95","1995","7","Maharashtra","Bombay","-1.0","-1.0","-1.0","-1.0","-1.0","-1.0","-1.0","-1.0"
"95","1996","7","Maharashtra","Bombay","-1.0","-1.0","-1.0","-1.0","-1.0","-1.0","-1.0","-1.0"
"95","1997","7","Maharashtra","Bombay","-1.0","-1.0","-1.0","-1.0","-1.0","-1.0","-1.0","-1.0"
"95","1998","7","Maharashtra","Bombay","-1.0","-1.0","-1.0","-1.0","-1.0","-1.0","-1.0","-1.0"
"95","1999","7","Maharashtra","Bombay","-1.0","-1.0","-1.0","-1.0","-1.0","-1.0","-1.0","-1.0"
"95","2000","7","Maharashtra","Bombay","-1.0","-1.0","-1.0","-1.0","-1.0","-1.0","-1.0","-1.0"
"95","2001","7","Maharashtra","Bombay","-1.0","-1.0","-1.0","-1.0","-1.0","-1.0","-1.0","-1.0"
"95","2002","7","Maharashtra","Bombay","-1.0","-1.0","-1.0","-1.0","-1.0","-1.0","-1.0","-1.0"
"95","2003","7","Maharashtra","Bombay","-1.0","-1.0","-1.0","-1.0","-1.0","-1.0","-1.0","-1.0"
"95","2004","7","Maharashtra","Bombay","-1.0","-1.0","-1.0","-1.0","-1.0","-1.0","-1.0","-1.0"
"95","2005","7","Maharashtra","Bombay","-1.0","-1.0","-1.0","-1.0","-1.0","-1.0","-1.0","-1.0"
"95","2006","7","Maharashtra","Bombay","-1.0","-1.0","-1.0","-1.0","-1.0","-1.0","-1.0","-1.0"
"95","2007","7","Maharashtra","Bombay","-1.0","-1.0","-1.0","-1.0","-1.0","-1.0","-1.0","-1.0"
"95","2008","7","Maharashtra","Bombay","-1.0","-1.0","-1.0","-1.0","-1.0","-1.0","-1.0","-1.0"
"95","2011","7","Maharashtra","Bombay","16627.0","15321.0","4516.0","5988.0","658.0","860.0","21801.0","22169.0"
"96","1990","7","Maharashtra","Thane","5461.0","2963.0","1070.0","763.0","1146.0","1048.0","7677.0","4774.0"
"96","1991","7","Maharashtra","Thane","5747.0","4029.0","922.0","1300.0","1430.0","1298.0","8099.0","6627.0"
"96","1992","7","Maharashtra","Thane","5747.0","4029.0","922.0","1300.0","1430.0","1298.0","8099.0","6627.0"
"96","1993","7","Maharashtra","Thane","7068.0","2971.0","370.0","605.0","284.0","471.0","7722.0","4047.0"
"96","1994","7","Maharashtra","Thane","6664.0","2905.0","560.0","1177.0","502.0","403.0","7726.0","4485.0"
"96","1995","7","Maharashtra","Thane","7544.0","2754.0","927.0","698.0","379.0","1010.0","8850.0","4462.0"
"96","1996","7","Maharashtra","Thane","9149.0","3482.0","606.0","1888.0","376.0","819.0","10131.0","6189.0"
"96","1997","7","Maharashtra","Thane","8874.0","3754.0","1048.0","1231.0","1365.0","646.0","11287.0","5631.0"
"96","1998","7","Maharashtra","Thane","-1.0","-1.0","-1.0","-1.0","-1.0","-1.0","-1.0","-1.0"
"96","1999","7","Maharashtra","Thane","-1.0","-1.0","-1.0","-1.0","-1.0","-1.0","-1.0","-1.0"
"96","2000","7","Maharashtra","Thane","8976.0","4467.0","803.0","1272.0","497.0","894.0","10276.0","6633.0"
"96","2001","7","Maharashtra","Thane","9102.0","4840.0","842.0","1311.0","479.0","998.0","10423.0","7149.0"
"96","2002","7","Maharashtra","Thane","9349.0","4425.0","756.0","1434.0","518.0","1264.0","10623.0","7123.0"
"96","2003","7","Maharashtra","Thane","9291.0","4922.0","999.0","1685.0","816.0","1194.0","11106.0","7801.0"
"96","2004","7","Maharashtra","Thane","9982.0","5008.0","967.0","1303.0","778.0","1286.0","11727.0","7597.0"
"96","2005","7","Maharashtra","Thane","11192.0","5350.0","1178.0","1377.0","791.0","1560.0","13161.0","8287.0"
"96","2006","7","Maharashtra","Thane","13089.0","5876.0","1641.0","1310.0","979.0","1639.0","15709.0","8825.0"
"96","2007","7","Maharashtra","Thane","14335.0","6216.0","1517.0","1141.0","1190.0","1667.0","17042.0","9024.0"
"96","2008","7","Maharashtra","Thane","12631.0","5467.0","1016.0","1043.0","1004.0","862.0","14651.0","7372.0"
"96","2009","7","Maharashtra","Thane","13042.0","4821.0","2260.0","1086.0","863.0","920.0","16165.0","6827.0"
"96","2010","7","Maharashtra","Thane","12052.0","3209.0","1576.0","1193.0","1197.0","738.0","14825.0","5140.0"
"96","2011","7","Maharashtra","Thane","10854.0","4390.0","1003.0","1465.0","774.0","887.0","12631.0","6742.0"
"96","2012","7","Maharashtra","Thane","12550.0","4172.0","1140.0","1078.0","975.0","936.0","14665.0","6186.0"
"96","2013","7","Maharashtra","Thane","12547.0","4886.0","1352.0","1642.0","889.0","1223.0","14788.0","7751.0"
"96","2014","7","Maharashtra","Thane","13026.0","5906.0","959.0","1528.0","861.0","1255.0","14846.0","8689.0"
"96","2015","7","Maharashtra","Thane","13658.0","5233.0","894.0","1686.0","656.0","1187.0","15208.0","8106.0"
"96","2016","7","Maharashtra","Thane","11738.0","4714.0","880.0","1684.0","605.0","1319.0","13224.0","7717.0"
"96","2017","7","Maharashtra","Thane","12011.0","4551.0","804.0","1806.0","656.0","1365.0","13471.0","7722.0"
"97","1990","7","Maharashtra","Raigad","4639.0","4242.0","610.0","1862.0","808.0","1706.0","6057.0","7810.0"
"97","1991","7","Maharashtra","Raigad","8381.0","4125.0","3107.0","1842.0","1259.0","1552.0","12747.0","7519.0"
"97","1992","7","Maharashtra","Raigad","8381.0","4125.0","3107.0","1842.0","1259.0","1552.0","12747.0","7519.0"
"97","1993","7","Maharashtra","Raigad","7795.0","3611.0","362.0","1563.0","159.0","1135.0","8316.0","6309.0"
"97","1994","7","Maharashtra","Raigad","5243.0","3206.0","344.0","1092.0","152.0","500.0","5739.0","4798.0"
"97","1995","7","Maharashtra","Raigad","6289.0","1242.0","259.0","556.0","119.0","306.0","6667.0","2104.0"
"97","1996","7","Maharashtra","Raigad","7128.0","4380.0","427.0","1916.0","121.0","468.0","7676.0","6764.0"
"97","1997","7","Maharashtra","Raigad","6922.0","5913.0","661.0","2717.0","1574.0","1128.0","9157.0","9758.0"
"97","1998","7","Maharashtra","Raigad","-1.0","-1.0","-1.0","-1.0","-1.0","-1.0","-1.0","-1.0"
"97","1999","7","Maharashtra","Raigad","-1.0","-1.0","-1.0","-1.0","-1.0","-1.0","-1.0","-1.0"
"97","2000","7","Maharashtra","Raigad","7847.0","3466.0","1026.0","1510.0","254.0","1243.0","9127.0","6219.0"
"97","2001","7","Maharashtra","Raigad","7958.0","3604.0","1075.0","1505.0","245.0","814.0","9278.0","5923.0"
"97","2002","7","Maharashtra","Raigad","7822.0","3486.0","536.0","1626.0","323.0","354.0","8681.0","5466.0"
"97","2003","7","Maharashtra","Raigad","8361.0","2600.0","343.0","478.0","589.0","363.0","9293.0","3441.0"
"97","2004","7","Maharashtra","Raigad","8911.0","2689.0","439.0","578.0","347.0","374.0","9697.0","3641.0"
"97","2005","7","Maharashtra","Raigad","8446.0","2651.0","574.0","507.0","314.0","390.0","9334.0","3548.0"
"97","2006","7","Maharashtra","Raigad","9877.0","2912.0","799.0","482.0","389.0","410.0","11065.0","3804.0"
"97","2007","7","Maharashtra","Raigad","10776.0","2474.0","739.0","1159.0","475.0","1005.0","11990.0","4638.0"
"97","2008","7","Maharashtra","Raigad","9161.0","2189.0","1621.0","843.0","478.0","518.0","11260.0","3550.0"
"97","2009","7","Maharashtra","Raigad","9816.0","2170.0","1296.0","342.0","2477.0","596.0","13589.0","3108.0"
"97","2010","7","Maharashtra","Raigad","9317.0","2396.0","1123.0","1569.0","512.0","1182.0","10952.0","5147.0"
"97","2011","7","Maharashtra","Raigad","9181.0","2373.0","669.0","636.0","402.0","428.0","10252.0","3437.0"
"97","2012","7","Maharashtra","Raigad","9340.0","2103.0","829.0","1076.0","263.0","754.0","10432.0","3933.0"
"97","2013","7","Maharashtra","Raigad","8685.0","2614.0","1066.0","1886.0","833.0","791.0","10584.0","5291.0"
"97","2014","7","Maharashtra","Raigad","10171.0","3424.0","656.0","1161.0","757.0","635.0","11584.0","5220.0"
"97","2015","7","Maharashtra","Raigad","10007.0","2712.0","1338.0","651.0","923.0","489.0","12268.0","3852.0"
"97","2016","7","Maharashtra","Raigad","8884.0","2034.0","1520.0","937.0","917.0","712.0","11321.0","3683.0"
"97","2017","7","Maharashtra","Raigad","8097.0","858.0","809.0","426.0","450.0","769.0","9356.0","2053.0"
"98","1990","7","Maharashtra","Ratnagiri","7976.0","1072.0","2276.0","421.0","1652.0","320.0","11904.0","1813.0"
"98","1991","7","Maharashtra","Ratnagiri","8477.0","823.0","2512.0","420.0","2051.0","372.0","13040.0","1615.0"
"98","1992","7","Maharashtra","Ratnagiri","8477.0","823.0","2512.0","420.0","2051.0","372.0","13040.0","1615.0"
"98","1993","7","Maharashtra","Ratnagiri","8403.0","806.0","1860.0","362.0","1296.0","184.0","11559.0","1352.0"
"98","1994","7","Maharashtra","Ratnagiri","6249.0","731.0","2007.0","343.0","1436.0","202.0","9692.0","1276.0"
"98","1995","7","Maharashtra","Ratnagiri","9525.0","648.0","1556.0","441.0","1298.0","321.0","12379.0","1410.0"
"98","1996","7","Maharashtra","Ratnagiri","9423.0","772.0","1770.0","339.0","1214.0","195.0","12407.0","1306.0"
"98","1997","7","Maharashtra","Ratnagiri","9843.0","564.0","2168.0","397.0","879.0","269.0","12890.0","1230.0"
"98","1998","7","Maharashtra","Ratnagiri","-1.0","-1.0","-1.0","-1.0","-1.0","-1.0","-1.0","-1.0"
"98","1999","7","Maharashtra","Ratnagiri","-1.0","-1.0","-1.0","-1.0","-1.0","-1.0","-1.0","-1.0"
"98","2000","7","Maharashtra","Ratnagiri","10369.0","1812.0","1725.0","585.0","1334.0","468.0","13428.0","2865.0"
"98","2001","7","Maharashtra","Ratnagiri","10515.0","2108.0","1808.0","479.0","1287.0","339.0","13610.0","2926.0"
"98","2002","7","Maharashtra","Ratnagiri","8991.0","1872.0","1990.0","407.0","1702.0","334.0","12683.0","2613.0"
"98","2003","7","Maharashtra","Ratnagiri","8731.0","1278.0","1784.0","304.0","1466.0","182.0","11981.0","1764.0"
"98","2004","7","Maharashtra","Ratnagiri","10057.0","578.0","2260.0","267.0","1948.0","196.0","14265.0","1041.0"
"98","2005","7","Maharashtra","Ratnagiri","10785.0","666.0","2479.0","284.0","2235.0","261.0","15499.0","1211.0"
"98","2006","7","Maharashtra","Ratnagiri","12613.0","731.0","3454.0","271.0","2767.0","274.0","18834.0","1276.0"
"98","2007","7","Maharashtra","Ratnagiri","14062.0","1364.0","3359.0","242.0","3421.0","228.0","20842.0","1834.0"
"98","2008","7","Maharashtra","Ratnagiri","9616.0","727.0","3093.0","476.0","2525.0","336.0","15234.0","1539.0"
"98","2009","7","Maharashtra","Ratnagiri","10079.0","1024.0","2792.0","2182.0","2099.0","477.0","14970.0","3683.0"
"98","2010","7","Maharashtra","Ratnagiri","15771.0","1162.0","6251.0","835.0","3593.0","381.0","25615.0","2378.0"
"98","2011","7","Maharashtra","Ratnagiri","9738.0","1403.0","3105.0","1071.0","1295.0","570.0","14138.0","3044.0"
"98","2012","7","Maharashtra","Ratnagiri","10246.0","549.0","2335.0","328.0","1760.0","272.0","14341.0","1149.0"
"98","2013","7","Maharashtra","Ratnagiri","9664.0","1304.0","1894.0","508.0","1423.0","454.0","12981.0","2266.0"
"98","2014","7","Maharashtra","Ratnagiri","10068.0","966.0","2368.0","338.0","1913.0","383.0","14349.0","1687.0"
"98","2015","7","Maharashtra","Ratnagiri","10409.0","2956.0","2508.0","1706.0","2054.0","897.0","14971.0","5559.0"
"98","2016","7","Maharashtra","Ratnagiri","9615.0","1121.0","2791.0","974.0","2175.0","557.0","14581.0","2652.0"
"98","2017","7","Maharashtra","Ratnagiri","10352.0","693.0","2968.0","335.0","2120.0","244.0","15440.0","1272.0"
"99","1990","7","Maharashtra","Nasik","24651.0","16234.0","9955.0","7731.0","5796.0","5221.0","40402.0","29186.0"
"99","1991","7","Maharashtra","Nasik","19022.0","14664.0","10976.0","8274.0","4113.0","2990.0","34111.0","25928.0"
"99","1992","7","Maharashtra","Nasik","19022.0","14664.0","10976.0","8274.0","4113.0","2990.0","34111.0","25928.0"
"99","1993","7","Maharashtra","Nasik","25091.0","22363.0","8605.0","7516.0","5060.0","2013.0","38756.0","31892.0"
"99","1994","7","Maharashtra","Nasik","27544.0","24650.0","10728.0","10771.0","4646.0","2796.0","42918.0","38217.0"
"99","1995","7","Maharashtra","Nasik","24290.0","19553.0","7489.0","7705.0","2744.0","2755.0","34523.0","30013.0"
"99","1996","7","Maharashtra","Nasik","27839.0","23852.0","9017.0","8497.0","2945.0","2542.0","39801.0","34891.0"
"99","1997","7","Maharashtra","Nasik","29312.0","27672.0","11839.0","10904.0","4122.0","2400.0","45273.0","40976.0"
"99","1998","7","Maharashtra","Nasik","-1.0","-1.0","-1.0","-1.0","-1.0","-1.0","-1.0","-1.0"
"99","1999","7","Maharashtra","Nasik","-1.0","-1.0","-1.0","-1.0","-1.0","-1.0","-1.0","-1.0"
"99","2000","7","Maharashtra","Nasik","33504.0","26243.0","15736.0","13220.0","6928.0","4081.0","56168.0","43544.0"
"99","2001","7","Maharashtra","Nasik","33977.0","25179.0","16493.0","12508.0","6682.0","4280.0","57152.0","41967.0"
"99","2002","7","Maharashtra","Nasik","33361.0","23516.0","17199.0","13349.0","6028.0","3917.0","56588.0","40782.0"
"99","2003","7","Maharashtra","Nasik","31574.0","29635.0","14258.0","19088.0","4465.0","5486.0","50297.0","54209.0"
"99","2004","7","Maharashtra","Nasik","32221.0","35604.0","17624.0","24444.0","5675.0","7422.0","55520.0","67470.0"
"99","2005","7","Maharashtra","Nasik","31913.0","35416.0","14383.0","23377.0","5322.0","10328.0","51618.0","69121.0"
"99","2006","7","Maharashtra","Nasik","37322.0","38898.0","20035.0","22243.0","6590.0","10856.0","63947.0","71997.0"
"99","2007","7","Maharashtra","Nasik","41408.0","35344.0","19889.0","18819.0","9843.0","11690.0","71140.0","65853.0"
"99","2008","7","Maharashtra","Nasik","45078.0","40471.0","26144.0","25961.0","11823.0","9970.0","83045.0","76402.0"
"99","2009","7","Maharashtra","Nasik","52472.0","39386.0","31957.0","21551.0","11471.0","14578.0","95900.0","75515.0"
"99","2010","7","Maharashtra","Nasik","51609.0","42737.0","39088.0","23508.0","13576.0","12370.0","104273.0","78615.0"
"99","2011","7","Maharashtra","Nasik","49417.0","36728.0","33076.0","26259.0","6313.0","11605.0","88806.0","74592.0"
"99","2012","7","Maharashtra","Nasik","44832.0","32265.0","21974.0","17113.0","9055.0","9736.0","75861.0","59114.0"
"99","2013","7","Maharashtra","Nasik","52344.0","39487.0","26074.0","25126.0","10365.0","11905.0","88783.0","76518.0"
"99","2014","7","Maharashtra","Nasik","45579.0","43945.0","24259.0","23302.0","14325.0","11793.0","84163.0","79040.0"
"99","2015","7","Maharashtra","Nasik","46835.0","34075.0","23968.0","26470.0","11001.0","13207.0","81804.0","73752.0"
"99","2016","7","Maharashtra","Nasik","48601.0","42310.0","22152.0","27356.0","9399.0","13552.0","80152.0","83218.0"
"99","2017","7","Maharashtra","Nasik","53739.0","46240.0","29698.0","34408.0","15047.0","19165.0","98484.0","99813.0"
"100","1990","7","Maharashtra","Dhule","21067.0","7714.0","7999.0","4885.0","4899.0","2918.0","33965.0","15517.0"
"100","1991","7","Maharashtra","Dhule","18244.0","8988.0","6992.0","5101.0","3897.0","3180.0","29133.0","17269.0"
"100","1992","7","Maharashtra","Dhule","18244.0","8988.0","6992.0","5101.0","3897.0","3180.0","29133.0","17269.0"
"100","1993","7","Maharashtra","Dhule","19953.0","13319.0","6520.0","3827.0","3623.0","1449.0","30096.0","18595.0"
"100","1994","7","Maharashtra","Dhule","23425.0","16280.0","6786.0","6133.0","3567.0","3232.0","33778.0","25645.0"
"100","1995","7","Maharashtra","Dhule","22723.0","10504.0","6652.0","3500.0","3674.0","1913.0","33049.0","15917.0"
"100","1996","7","Maharashtra","Dhule","28011.0","12668.0","9051.0","4038.0","2997.0","1370.0","40059.0","18076.0"
"100","1997","7","Maharashtra","Dhule","28907.0","15173.0","9249.0","5548.0","3811.0","2116.0","41967.0","22837.0"
"100","1998","7","Maharashtra","Dhule","-1.0","-1.0","-1.0","-1.0","-1.0","-1.0","-1.0","-1.0"
"100","1999","7","Maharashtra","Dhule","-1.0","-1.0","-1.0","-1.0","-1.0","-1.0","-1.0","-1.0"
"100","2000","7","Maharashtra","Dhule","23878.0","11050.0","5938.0","3617.0","4319.0","3063.0","34135.0","17730.0"
"100","2001","7","Maharashtra","Dhule","24215.0","15605.0","6223.0","4822.0","4165.0","3262.0","34603.0","23689.0"
"100","2002","7","Maharashtra","Dhule","33612.0","16205.0","7989.0","3761.0","4801.0","2524.0","46402.0","22490.0"
"100","2003","7","Maharashtra","Dhule","34437.0","15115.0","9269.0","4360.0","4957.0","2742.0","48663.0","22217.0"
"100","2004","7","Maharashtra","Dhule","32085.0","19894.0","8526.0","6240.0","4117.0","3105.0","44728.0","29239.0"
"100","2005","7","Maharashtra","Dhule","35660.0","17310.0","8901.0","7977.0","4221.0","5562.0","48782.0","30849.0"
"100","2006","7","Maharashtra","Dhule","41704.0","19012.0","12400.0","7590.0","5226.0","5847.0","59330.0","32449.0"
"100","2007","7","Maharashtra","Dhule","46043.0","25170.0","13048.0","6804.0","7726.0","6803.0","66817.0","38777.0"
"100","2008","7","Maharashtra","Dhule","44601.0","23164.0","15837.0","8902.0","12067.0","5245.0","72505.0","37311.0"
"100","2009","7","Maharashtra","Dhule","43691.0","28554.0","17017.0","11145.0","9316.0","12026.0","70024.0","51725.0"
"100","2010","7","Maharashtra","Dhule","40898.0","32186.0","24425.0","11035.0","13928.0","11570.0","79251.0","54791.0"
"100","2011","7","Maharashtra","Dhule","45121.0","24063.0","17068.0","12849.0","4225.0","10422.0","66414.0","47334.0"
"100","2012","7","Maharashtra","Dhule","42838.0","29234.0","14876.0","9681.0","11391.0","7941.0","69105.0","46856.0"
"100","2013","7","Maharashtra","Dhule","48758.0","30377.0","12795.0","12679.0","13112.0","7560.0","74665.0","50616.0"
"100","2014","7","Maharashtra","Dhule","45961.0","31535.0","15873.0","10157.0","15261.0","8960.0","77095.0","50652.0"
"100","2015","7","Maharashtra","Dhule","47837.0","30612.0","15949.0","15073.0","15858.0","12251.0","79644.0","57936.0"
"100","2016","7","Maharashtra","Dhule","44739.0","29616.0","14865.0","12300.0","13991.0","8753.0","73595.0","50669.0"
"100","2017","7","Maharashtra","Dhule","51302.0","23009.0","18243.0","12037.0","19450.0","8850.0","88995.0","43896.0"
"101","1990","7","Maharashtra","Jalgaon","44489.0","25436.0","17310.0","15757.0","17806.0","9878.0","79605.0","51071.0"
"101","1991","7","Maharashtra","Jalgaon","42247.0","22895.0","14978.0","10571.0","11786.0","11441.0","69011.0","44907.0"
"101","1992","7","Maharashtra","Jalgaon","42247.0","22895.0","14978.0","10571.0","11786.0","11441.0","69011.0","44907.0"
"101","1993","7","Maharashtra","Jalgaon","46327.0","25831.0","9674.0","9770.0","9898.0","7243.0","65899.0","42844.0"
"101","1994","7","Maharashtra","Jalgaon","44774.0","29965.0","12410.0","14268.0","8903.0","8755.0","66087.0","52988.0"
"101","1995","7","Maharashtra","Jalgaon","45923.0","24812.0","13204.0","10238.0","11466.0","8123.0","70593.0","43173.0"
"101","1996","7","Maharashtra","Jalgaon","45754.0","26070.0","12603.0","13969.0","7021.0","6912.0","65378.0","46951.0"
"101","1997","7","Maharashtra","Jalgaon","60492.0","24706.0","20736.0","14551.0","16004.0","10332.0","97232.0","49589.0"
"101","1998","7","Maharashtra","Jalgaon","-1.0","-1.0","-1.0","-1.0","-1.0","-1.0","-1.0","-1.0"
"101","1999","7","Maharashtra","Jalgaon","-1.0","-1.0","-1.0","-1.0","-1.0","-1.0","-1.0","-1.0"
"101","2000","7","Maharashtra","Jalgaon","44564.0","25064.0","16480.0","12616.0","17004.0","10637.0","78048.0","48317.0"
"101","2001","7","Maharashtra","Jalgaon","45192.0","17357.0","17272.0","7816.0","16400.0","10852.0","78864.0","36025.0"
"101","2002","7","Maharashtra","Jalgaon","44118.0","26369.0","15586.0","13232.0","9745.0","11430.0","69449.0","51031.0"
"101","2003","7","Maharashtra","Jalgaon","46365.0","23975.0","16236.0","11363.0","16311.0","10057.0","78912.0","45395.0"
"101","2004","7","Maharashtra","Jalgaon","45875.0","25298.0","24837.0","14427.0","20218.0","12060.0","90930.0","51785.0"
"101","2005","7","Maharashtra","Jalgaon","48000.0","21918.0","22328.0","14677.0","19464.0","16537.0","89792.0","53132.0"
"101","2006","7","Maharashtra","Jalgaon","56136.0","24072.0","31104.0","13966.0","24100.0","17384.0","111340.0","55422.0"
"101","2007","7","Maharashtra","Jalgaon","62758.0","31580.0","31829.0","16258.0","32739.0","21469.0","127326.0","69307.0"
"101","2008","7","Maharashtra","Jalgaon","73605.0","37142.0","33350.0","20410.0","37411.0","21715.0","144366.0","79267.0"
"101","2009","7","Maharashtra","Jalgaon","77124.0","46218.0","42757.0","22380.0","31683.0","30473.0","151564.0","99071.0"
"101","2010","7","Maharashtra","Jalgaon","62053.0","76824.0","44347.0","37008.0","44539.0","45302.0","150939.0","159134.0"
"101","2011","7","Maharashtra","Jalgaon","69421.0","32729.0","33358.0","19153.0","16227.0","27103.0","119006.0","78985.0"
"101","2012","7","Maharashtra","Jalgaon","61543.0","31993.0","24182.0","13605.0","30150.0","15362.0","115875.0","60960.0"
"101","2013","7","Maharashtra","Jalgaon","71569.0","41755.0","23001.0","19770.0","33786.0","18908.0","128356.0","80433.0"
"101","2014","7","Maharashtra","Jalgaon","68139.0","50493.0","28808.0","16816.0","41976.0","20604.0","138923.0","87913.0"
"101","2015","7","Maharashtra","Jalgaon","67513.0","32112.0","26348.0","20488.0","33872.0","25769.0","127733.0","78369.0"
"101","2016","7","Maharashtra","Jalgaon","63587.0","43359.0","23294.0","22647.0","35668.0","23895.0","122550.0","89901.0"
"101","2017","7","Maharashtra","Jalgaon","64392.0","32380.0","28487.0","19209.0","54243.0","19915.0","147122.0","71504.0"
"102","1990","7","Maharashtra","Ahmednagar","28424.0","26597.0","13961.0","13613.0","8719.0","6282.0","51104.0","46492.0"
"102","1991","7","Maharashtra","Ahmednagar","35907.0","25387.0","16942.0","11467.0","9205.0","5129.0","62054.0","41983.0"
"102","1992","7","Maharashtra","Ahmednagar","35907.0","25387.0","16942.0","11467.0","9205.0","5129.0","62054.0","41983.0"
"102","1993","7","Maharashtra","Ahmednagar","25595.0","33316.0","8713.0","11960.0","4189.0","3482.0","38497.0","48758.0"
"102","1994","7","Maharashtra","Ahmednagar","37273.0","31597.0","14215.0","13106.0","6110.0","6025.0","57598.0","50728.0"
"102","1995","7","Maharashtra","Ahmednagar","31281.0","21607.0","9581.0","8660.0","5667.0","3619.0","46529.0","33886.0"
"102","1996","7","Maharashtra","Ahmednagar","30279.0","31666.0","9005.0","9697.0","4190.0","4192.0","43474.0","45555.0"
"102","1997","7","Maharashtra","Ahmednagar","28644.0","33157.0","13103.0","13639.0","6501.0","5236.0","48248.0","52032.0"
"102","1998","7","Maharashtra","Ahmednagar","-1.0","-1.0","-1.0","-1.0","-1.0","-1.0","-1.0","-1.0"
"102","1999","7","Maharashtra","Ahmednagar","-1.0","-1.0","-1.0","-1.0","-1.0","-1.0","-1.0","-1.0"
"102","2000","7","Maharashtra","Ahmednagar","32461.0","29399.0","13903.0","15481.0","8497.0","7780.0","54861.0","52660.0"
"102","2001","7","Maharashtra","Ahmednagar","32919.0","37623.0","14571.0","19118.0","8195.0","10859.0","55685.0","67600.0"
"102","2002","7","Maharashtra","Ahmednagar","37070.0","22800.0","17946.0","11721.0","9575.0","8212.0","64591.0","42733.0"
"102","2003","7","Maharashtra","Ahmednagar","21363.0","20885.0","8901.0","14533.0","5737.0","8136.0","36001.0","43554.0"
"102","2004","7","Maharashtra","Ahmednagar","30849.0","38701.0","13502.0","21944.0","8434.0","12099.0","52785.0","72744.0"
"102","2005","7","Maharashtra","Ahmednagar","34552.0","44985.0","16089.0","26535.0","11626.0","17263.0","62267.0","88783.0"
"102","2006","7","Maharashtra","Ahmednagar","40409.0","49407.0","22412.0","25248.0","14394.0","18147.0","77215.0","92802.0"
"102","2007","7","Maharashtra","Ahmednagar","44930.0","37257.0","22652.0","21669.0","19857.0","14489.0","87439.0","73415.0"
"102","2008","7","Maharashtra","Ahmednagar","38096.0","46543.0","21108.0","31228.0","14707.0","15289.0","73911.0","93060.0"
"102","2009","7","Maharashtra","Ahmednagar","49436.0","45207.0","35388.0","33457.0","17120.0","23475.0","101944.0","102139.0"
"102","2010","7","Maharashtra","Ahmednagar","49842.0","50060.0","38887.0","33731.0","26351.0","25287.0","115080.0","109078.0"
"102","2011","7","Maharashtra","Ahmednagar","55849.0","41595.0","35097.0","27993.0","6495.0","17439.0","97441.0","87027.0"
"102","2012","7","Maharashtra","Ahmednagar","44438.0","30932.0","21362.0","20499.0","14029.0","10430.0","79829.0","61861.0"
"102","2013","7","Maharashtra","Ahmednagar","51135.0","45606.0","25686.0","29578.0","14106.0","17806.0","90927.0","92990.0"
"102","2014","7","Maharashtra","Ahmednagar","42544.0","45771.0","24143.0","24035.0","20411.0","16034.0","87098.0","85840.0"
"102","2015","7","Maharashtra","Ahmednagar","39617.0","30643.0","20147.0","28049.0","10787.0","16712.0","70551.0","75404.0"
"102","2016","7","Maharashtra","Ahmednagar","43650.0","55356.0","20536.0","33904.0","12006.0","19520.0","76192.0","108780.0"
"102","2017","7","Maharashtra","Ahmednagar","50288.0","54876.0","27171.0","39102.0","17515.0","24368.0","94974.0","118346.0"
"103","1990","7","Maharashtra","Pune","21439.0","21673.0","7090.0","11815.0","6171.0","5741.0","34700.0","39229.0"
"103","1991","7","Maharashtra","Pune","23223.0","19009.0","8776.0","8853.0","6073.0","5873.0","38072.0","33735.0"
"103","1992","7","Maharashtra","Pune","23223.0","19009.0","8776.0","8853.0","6073.0","5873.0","38072.0","33735.0"
"103","1993","7","Maharashtra","Pune","23706.0","28239.0","7853.0","9725.0","4143.0","4402.0","35702.0","42366.0"
"103","1994","7","Maharashtra","Pune","28802.0","23469.0","10237.0","8182.0","6860.0","4259.0","45899.0","35910.0"
"103","1995","7","Maharashtra","Pune","22769.0","24135.0","7056.0","8671.0","4442.0","3918.0","34267.0","36724.0"
"103","1996","7","Maharashtra","Pune","23490.0","27103.0","7185.0","8501.0","3053.0","3369.0","33728.0","38973.0"
"103","1997","7","Maharashtra","Pune","25335.0","28447.0","10170.0","12276.0","4328.0","4956.0","39833.0","45679.0"
"103","1998","7","Maharashtra","Pune","-1.0","-1.0","-1.0","-1.0","-1.0","-1.0","-1.0","-1.0"
"103","1999","7","Maharashtra","Pune","-1.0","-1.0","-1.0","-1.0","-1.0","-1.0","-1.0","-1.0"
"103","2000","7","Maharashtra","Pune","22902.0","30988.0","11219.0","13150.0","6919.0","7746.0","41040.0","51884.0"
"103","2001","7","Maharashtra","Pune","23225.0","32365.0","11758.0","15790.0","6673.0","8784.0","41656.0","56939.0"
"103","2002","7","Maharashtra","Pune","30196.0","26531.0","14152.0","14180.0","8011.0","7217.0","52359.0","47928.0"
"103","2003","7","Maharashtra","Pune","21023.0","24922.0","9001.0","13825.0","4214.0","6957.0","34238.0","45704.0"
"103","2004","7","Maharashtra","Pune","25918.0","38758.0","10013.0","19890.0","4656.0","11332.0","40587.0","69980.0"
"103","2005","7","Maharashtra","Pune","30105.0","36377.0","13468.0","21225.0","7816.0","14679.0","51389.0","72281.0"
"103","2006","7","Maharashtra","Pune","35208.0","39953.0","18762.0","20196.0","9677.0","15430.0","63647.0","75579.0"
"103","2007","7","Maharashtra","Pune","39808.0","35403.0","20449.0","16111.0","14370.0","15010.0","74627.0","66524.0"
"103","2008","7","Maharashtra","Pune","35667.0","48363.0","18752.0","26817.0","11956.0","18467.0","66375.0","93647.0"
"103","2009","7","Maharashtra","Pune","47785.0","48556.0","31122.0","31885.0","18371.0","25947.0","97278.0","106388.0"
"103","2010","7","Maharashtra","Pune","52472.0","47195.0","38419.0","25519.0","22977.0","20887.0","113868.0","93601.0"
"103","2011","7","Maharashtra","Pune","51951.0","50490.0","31979.0","32862.0","6411.0","20404.0","90341.0","103756.0"
"103","2012","7","Maharashtra","Pune","41483.0","40976.0","17091.0","21283.0","9092.0","15320.0","67666.0","77579.0"
"103","2013","7","Maharashtra","Pune","46416.0","53638.0","19638.0","30283.0","12614.0","21670.0","78668.0","105591.0"
"103","2014","7","Maharashtra","Pune","36105.0","53128.0","18719.0","24543.0","13259.0","20829.0","68083.0","98500.0"
"103","2015","7","Maharashtra","Pune","40465.0","44257.0","18114.0","29894.0","11268.0","17105.0","69847.0","91256.0"
"103","2016","7","Maharashtra","Pune","42977.0","52366.0","16658.0","25458.0","10566.0","18856.0","70201.0","96680.0"
"103","2017","7","Maharashtra","Pune","44520.0","52718.0","19715.0","28575.0","14635.0","19821.0","78870.0","101114.0"
"104","1990","7","Maharashtra","Satara","18662.0","13700.0","7697.0","6982.0","4746.0","4734.0","31105.0","25416.0"
"104","1991","7","Maharashtra","Satara","18165.0","17609.0","9263.0","7649.0","4868.0","5544.0","32296.0","30802.0"
"104","1992","7","Maharashtra","Satara","18165.0","17609.0","9263.0","7649.0","4868.0","5544.0","32296.0","30802.0"
"104","1993","7","Maharashtra","Satara","20552.0","19738.0","6804.0","5476.0","5103.0","3832.0","32459.0","29046.0"
"104","1994","7","Maharashtra","Satara","19696.0","17045.0","7103.0","5778.0","5554.0","3936.0","32353.0","26759.0"
"104","1995","7","Maharashtra","Satara","20755.0","13082.0","6128.0","4165.0","3299.0","2962.0","30182.0","20209.0"
"104","1996","7","Maharashtra","Satara","20684.0","16459.0","6473.0","3921.0","4994.0","2478.0","32151.0","22858.0"
"104","1997","7","Maharashtra","Satara","22401.0","15960.0","9219.0","5943.0","6217.0","4213.0","37837.0","26116.0"
"104","1998","7","Maharashtra","Satara","-1.0","-1.0","-1.0","-1.0","-1.0","-1.0","-1.0","-1.0"
"104","1999","7","Maharashtra","Satara","-1.0","-1.0","-1.0","-1.0","-1.0","-1.0","-1.0","-1.0"
"104","2000","7","Maharashtra","Satara","21066.0","13776.0","7569.0","6070.0","6444.0","5280.0","35079.0","25126.0"
"104","2001","7","Maharashtra","Satara","21363.0","18738.0","7933.0","7623.0","6215.0","6086.0","35511.0","32447.0"
"104","2002","7","Maharashtra","Satara","20217.0","12464.0","9556.0","5094.0","7109.0","3943.0","36882.0","21501.0"
"104","2003","7","Maharashtra","Satara","13211.0","9103.0","5760.0","3188.0","3731.0","2053.0","22702.0","14344.0"
"104","2004","7","Maharashtra","Satara","19344.0","17190.0","7017.0","8310.0","4504.0","5637.0","30865.0","31137.0"
"104","2005","7","Maharashtra","Satara","19099.0","21399.0","8098.0","10765.0","5719.0","9061.0","32916.0","41225.0"
"104","2006","7","Maharashtra","Satara","22336.0","23503.0","11281.0","10243.0","7081.0","9525.0","40698.0","43271.0"
"104","2007","7","Maharashtra","Satara","25576.0","18439.0","12936.0","6843.0","10223.0","7477.0","48735.0","32759.0"
"104","2008","7","Maharashtra","Satara","32193.0","30256.0","20613.0","15738.0","15083.0","18281.0","67889.0","64275.0"
"104","2009","7","Maharashtra","Satara","28719.0","28443.0","15903.0","16110.0","8444.0","13401.0","53066.0","57954.0"
"104","2010","7","Maharashtra","Satara","25354.0","24725.0","19082.0","14411.0","12356.0","12418.0","56792.0","51554.0"
"104","2011","7","Maharashtra","Satara","27906.0","28584.0","14797.0","15551.0","4506.0","11402.0","47209.0","55537.0"
"104","2012","7","Maharashtra","Satara","22042.0","22209.0","10419.0","9870.0","6609.0","8879.0","39070.0","40958.0"
"104","2013","7","Maharashtra","Satara","22492.0","24604.0","10445.0","12875.0","7267.0","10827.0","40204.0","48306.0"
"104","2014","7","Maharashtra","Satara","23786.0","26080.0","10809.0","12753.0","9643.0","10754.0","44238.0","49587.0"
"104","2015","7","Maharashtra","Satara","23389.0","21694.0","12137.0","10878.0","7210.0","8827.0","42736.0","41399.0"
"104","2016","7","Maharashtra","Satara","23324.0","28067.0","12234.0","12113.0","8074.0","9641.0","43633.0","49821.0"
"104","2017","7","Maharashtra","Satara","23298.0","25966.0","11438.0","14366.0","9231.0","10695.0","43967.0","51027.0"
"105","1990","7","Maharashtra","Sangli","18501.0","19309.0","9522.0","9404.0","8268.0","9687.0","36291.0","38400.0"
"105","1991","7","Maharashtra","Sangli","18205.0","25313.0","8306.0","11464.0","8225.0","9959.0","34736.0","46736.0"
"105","1992","7","Maharashtra","Sangli","18205.0","25313.0","8306.0","11464.0","8225.0","9959.0","34736.0","46736.0"
"105","1993","7","Maharashtra","Sangli","20971.0","23526.0","8408.0","8369.0","7204.0","6560.0","36583.0","38455.0"
"105","1994","7","Maharashtra","Sangli","24198.0","20584.0","11739.0","8122.0","7036.0","8455.0","42973.0","37161.0"
"105","1995","7","Maharashtra","Sangli","27411.0","21669.0","10407.0","7120.0","9885.0","6661.0","47703.0","35450.0"
"105","1996","7","Maharashtra","Sangli","24894.0","15440.0","8302.0","3732.0","6787.0","5019.0","39983.0","24191.0"
"105","1997","7","Maharashtra","Sangli","19416.0","14694.0","10106.0","4912.0","6350.0","8269.0","35872.0","27875.0"
"105","1998","7","Maharashtra","Sangli","-1.0","-1.0","-1.0","-1.0","-1.0","-1.0","-1.0","-1.0"
"105","1999","7","Maharashtra","Sangli","-1.0","-1.0","-1.0","-1.0","-1.0","-1.0","-1.0","-1.0"
"105","2000","7","Maharashtra","Sangli","17469.0","20026.0","8371.0","9799.0","8152.0","8492.0","33992.0","38317.0"
"105","2001","7","Maharashtra","Sangli","17715.0","23299.0","8774.0","10364.0","7863.0","13784.0","34352.0","47447.0"
"105","2002","7","Maharashtra","Sangli","18410.0","12192.0","10821.0","5590.0","7403.0","9220.0","36634.0","27002.0"
"105","2003","7","Maharashtra","Sangli","12437.0","12501.0","6521.0","4750.0","6952.0","6909.0","25910.0","24160.0"
"105","2004","7","Maharashtra","Sangli","21272.0","23704.0","10193.0","13377.0","7540.0","14627.0","39005.0","51708.0"
"105","2005","7","Maharashtra","Sangli","21481.0","26553.0","9098.0","16228.0","10700.0","19492.0","41279.0","62273.0"
"105","2006","7","Maharashtra","Sangli","25122.0","29163.0","12674.0","15441.0","13249.0","20490.0","51045.0","65094.0"
"105","2007","7","Maharashtra","Sangli","28118.0","28646.0","14358.0","19791.0","17951.0","21881.0","60427.0","70318.0"
"105","2008","7","Maharashtra","Sangli","36212.0","34825.0","16773.0","16368.0","15896.0","18761.0","68881.0","69954.0"
"105","2009","7","Maharashtra","Sangli","41492.0","39544.0","28652.0","19671.0","18433.0","17436.0","88577.0","76651.0"
"105","2010","7","Maharashtra","Sangli","34827.0","39919.0","24226.0","23394.0","14912.0","17342.0","73965.0","80655.0"
"105","2011","7","Maharashtra","Sangli","33641.0","34146.0","23312.0","17782.0","6222.0","16811.0","63175.0","68739.0"
"105","2012","7","Maharashtra","Sangli","29537.0","28826.0","12482.0","15492.0","9798.0","12344.0","51817.0","56662.0"
"105","2013","7","Maharashtra","Sangli","33308.0","27511.0","14004.0","13830.0","11850.0","10553.0","59162.0","51894.0"
"105","2014","7","Maharashtra","Sangli","24335.0","32265.0","9337.0","14858.0","12980.0","12292.0","46652.0","59415.0"
"105","2015","7","Maharashtra","Sangli","23841.0","23163.0","12220.0","14472.0","8777.0","11388.0","44838.0","49023.0"
"105","2016","7","Maharashtra","Sangli","26709.0","28998.0","13287.0","16017.0","12671.0","13139.0","52666.0","58154.0"
"105","2017","7","Maharashtra","Sangli","24179.0","30441.0","13109.0","14841.0","13219.0","11459.0","50507.0","56741.0"
"106","1990","7","Maharashtra","Solapur","19026.0","16564.0","9656.0","7207.0","5472.0","5020.0","34154.0","28791.0"
"106","1991","7","Maharashtra","Solapur","17792.0","19286.0","8545.0","8448.0","5224.0","5743.0","31561.0","33477.0"
"106","1992","7","Maharashtra","Solapur","17792.0","19286.0","8545.0","8448.0","5224.0","5743.0","31561.0","33477.0"
"106","1993","7","Maharashtra","Solapur","19092.0","21433.0","8154.0","7773.0","3697.0","4449.0","30943.0","33655.0"
"106","1994","7","Maharashtra","Solapur","23842.0","25635.0","11980.0","11729.0","7057.0","6801.0","42879.0","44165.0"
"106","1995","7","Maharashtra","Solapur","24845.0","21089.0","10043.0","8694.0","4407.0","4073.0","39295.0","33856.0"
"106","1996","7","Maharashtra","Solapur","20862.0","20972.0","7665.0","5657.0","4525.0","2578.0","33052.0","29207.0"
"106","1997","7","Maharashtra","Solapur","23972.0","26568.0","12655.0","10712.0","6468.0","5748.0","43095.0","43028.0"
"106","1998","7","Maharashtra","Solapur","-1.0","-1.0","-1.0","-1.0","-1.0","-1.0","-1.0","-1.0"
"106","1999","7","Maharashtra","Solapur","-1.0","-1.0","-1.0","-1.0","-1.0","-1.0","-1.0","-1.0"
"106","2000","7","Maharashtra","Solapur","23554.0","27665.0","10728.0","11329.0","8632.0","7286.0","42914.0","46280.0"
"106","2001","7","Maharashtra","Solapur","23886.0","31313.0","11243.0","12279.0","8325.0","6912.0","43454.0","50504.0"
"106","2002","7","Maharashtra","Solapur","27713.0","22705.0","13632.0","8808.0","7981.0","5610.0","49326.0","37123.0"
"106","2003","7","Maharashtra","Solapur","13983.0","11041.0","5440.0","5055.0","2926.0","2436.0","22349.0","18532.0"
"106","2004","7","Maharashtra","Solapur","23171.0","33864.0","8737.0","17558.0","4054.0","10038.0","35962.0","61460.0"
"106","2005","7","Maharashtra","Solapur","24249.0","30915.0","9620.0","18678.0","5681.0","14729.0","39550.0","64322.0"
"106","2006","7","Maharashtra","Solapur","28360.0","33954.0","13401.0","17772.0","7034.0","15483.0","48795.0","67209.0"
"106","2007","7","Maharashtra","Solapur","32318.0","31268.0","15232.0","17133.0","10666.0","14029.0","58216.0","62430.0"
"106","2008","7","Maharashtra","Solapur","34326.0","43221.0","18269.0","23320.0","12801.0","19793.0","65396.0","86334.0"
"106","2009","7","Maharashtra","Solapur","50349.0","50610.0","37110.0","36466.0","19944.0","29166.0","107403.0","116242.0"
"106","2010","7","Maharashtra","Solapur","51902.0","44438.0","48356.0","27779.0","28993.0","24380.0","129251.0","96597.0"
"106","2011","7","Maharashtra","Solapur","52333.0","57784.0","35919.0","30332.0","11037.0","25185.0","99289.0","113301.0"
"106","2012","7","Maharashtra","Solapur","35441.0","36672.0","18049.0","18561.0","13693.0","14149.0","67183.0","69382.0"
"106","2013","7","Maharashtra","Solapur","47870.0","55652.0","18809.0","31444.0","11180.0","24792.0","77859.0","111888.0"
"106","2014","7","Maharashtra","Solapur","36763.0","51159.0","17747.0","20434.0","15056.0","18131.0","69566.0","89724.0"
"106","2015","7","Maharashtra","Solapur","35174.0","26131.0","14365.0","15212.0","9838.0","12144.0","59377.0","53487.0"
"106","2016","7","Maharashtra","Solapur","31586.0","56121.0","12903.0","23370.0","6990.0","19059.0","51479.0","98550.0"
"106","2017","7","Maharashtra","Solapur","44653.0","57103.0","23479.0","25788.0","20828.0","17515.0","88960.0","100406.0"
"107","1990","7","Maharashtra","Kolhapur","34496.0","21910.0","13715.0","10097.0","13041.0","9856.0","61252.0","41863.0"
"107","1991","7","Maharashtra","Kolhapur","31233.0","26170.0","13114.0","11829.0","13064.0","11014.0","57411.0","49013.0"
"107","1992","7","Maharashtra","Kolhapur","31233.0","26170.0","13114.0","11829.0","13064.0","11014.0","57411.0","49013.0"
"107","1993","7","Maharashtra","Kolhapur","31489.0","24009.0","8236.0","9781.0","8531.0","8258.0","48256.0","42048.0"
"107","1994","7","Maharashtra","Kolhapur","36044.0","25921.0","11407.0","9625.0","10614.0","9320.0","58065.0","44866.0"
"107","1995","7","Maharashtra","Kolhapur","38859.0","22510.0","10731.0","10674.0","11723.0","10340.0","61313.0","43524.0"
"107","1996","7","Maharashtra","Kolhapur","34433.0","22954.0","7996.0","8928.0","7793.0","8366.0","50222.0","40248.0"
"107","1997","7","Maharashtra","Kolhapur","36414.0","29830.0","12293.0","10736.0","11152.0","11192.0","59859.0","51758.0"
"107","1998","7","Maharashtra","Kolhapur","-1.0","-1.0","-1.0","-1.0","-1.0","-1.0","-1.0","-1.0"
"107","1999","7","Maharashtra","Kolhapur","-1.0","-1.0","-1.0","-1.0","-1.0","-1.0","-1.0","-1.0"
"107","2000","7","Maharashtra","Kolhapur","26340.0","26863.0","8155.0","12988.0","8993.0","11454.0","43488.0","51305.0"
"107","2001","7","Maharashtra","Kolhapur","26712.0","24314.0","8547.0","13184.0","8674.0","10703.0","43933.0","48201.0"
"107","2002","7","Maharashtra","Kolhapur","30860.0","19158.0","7986.0","7902.0","7981.0","8423.0","46827.0","35483.0"
"107","2003","7","Maharashtra","Kolhapur","24328.0","19665.0","8322.0","9319.0","7979.0","8482.0","40629.0","37466.0"
"107","2004","7","Maharashtra","Kolhapur","24144.0","27189.0","8829.0","13954.0","8739.0","11812.0","41712.0","52955.0"
"107","2005","7","Maharashtra","Kolhapur","29098.0","24988.0","11258.0","12745.0","10585.0","14344.0","50941.0","52077.0"
"107","2006","7","Maharashtra","Kolhapur","34030.0","27444.0","15682.0","12127.0","13106.0","15078.0","62818.0","54649.0"
"107","2007","7","Maharashtra","Kolhapur","38109.0","25548.0","16506.0","15203.0","17402.0","11950.0","72017.0","52701.0"
"107","2008","7","Maharashtra","Kolhapur","23926.0","18680.0","12707.0","9983.0","9705.0","7638.0","46338.0","36301.0"
"107","2009","7","Maharashtra","Kolhapur","40154.0","29548.0","25711.0","17209.0","15969.0","18589.0","81834.0","65346.0"
"107","2010","7","Maharashtra","Kolhapur","35030.0","30241.0","22924.0","16725.0","17149.0","18508.0","75103.0","65474.0"
"107","2011","7","Maharashtra","Kolhapur","31820.0","36319.0","16111.0","21066.0","4738.0","20453.0","52669.0","77838.0"
"107","2012","7","Maharashtra","Kolhapur","39557.0","31492.0","14838.0","14820.0","14151.0","12653.0","68546.0","58965.0"
"107","2013","7","Maharashtra","Kolhapur","31119.0","34877.0","7301.0","17159.0","10770.0","14222.0","49190.0","66258.0"
"107","2014","7","Maharashtra","Kolhapur","38438.0","40526.0","14319.0","18916.0","16038.0","16156.0","68795.0","75598.0"
"107","2015","7","Maharashtra","Kolhapur","36290.0","32011.0","13728.0","16921.0","10163.0","14424.0","60181.0","63356.0"
"107","2016","7","Maharashtra","Kolhapur","37362.0","41250.0","14208.0","21800.0","13922.0","18934.0","65491.0","81984.0"
"107","2017","7","Maharashtra","Kolhapur","31647.0","39349.0","11816.0","19208.0","14214.0","16366.0","57677.0","74923.0"
"108","1990","7","Maharashtra","Aurangabad","27992.0","15401.0","10517.0","8979.0","5572.0","4001.0","44081.0","28381.0"
"108","1991","7","Maharashtra","Aurangabad","26086.0","12340.0","11655.0","9330.0","5876.0","3250.0","43617.0","24920.0"
"108","1992","7","Maharashtra","Aurangabad","26086.0","12340.0","11655.0","9330.0","5876.0","3250.0","43617.0","24920.0"
"108","1993","7","Maharashtra","Aurangabad","32254.0","15538.0","7256.0","6637.0","3875.0","1049.0","43385.0","23224.0"
"108","1994","7","Maharashtra","Aurangabad","30804.0","16758.0","11177.0","8729.0","4454.0","2132.0","46435.0","27619.0"
"108","1995","7","Maharashtra","Aurangabad","32634.0","11103.0","10718.0","8930.0","2578.0","4757.0","45930.0","24790.0"
"108","1996","7","Maharashtra","Aurangabad","35079.0","15086.0","12222.0","5265.0","1356.0","1328.0","48657.0","21679.0"
"108","1997","7","Maharashtra","Aurangabad","46209.0","14473.0","21355.0","8789.0","7041.0","2719.0","74605.0","25981.0"
"108","1998","7","Maharashtra","Aurangabad","-1.0","-1.0","-1.0","-1.0","-1.0","-1.0","-1.0","-1.0"
"108","1999","7","Maharashtra","Aurangabad","-1.0","-1.0","-1.0","-1.0","-1.0","-1.0","-1.0","-1.0"
"108","2000","7","Maharashtra","Aurangabad","44185.0","29644.0","16858.0","17919.0","5614.0","7450.0","66657.0","55013.0"
"108","2001","7","Maharashtra","Aurangabad","44808.0","28492.0","17669.0","16888.0","5414.0","8597.0","67891.0","53977.0"
"108","2002","7","Maharashtra","Aurangabad","45098.0","33084.0","18924.0","18973.0","6712.0","8571.0","70734.0","60628.0"
"108","2003","7","Maharashtra","Aurangabad","53436.0","22676.0","18742.0","13494.0","5438.0","1243.0","77616.0","37413.0"
"108","2004","7","Maharashtra","Aurangabad","49429.0","25735.0","24166.0","20099.0","13562.0","12034.0","87157.0","57868.0"
"108","2005","7","Maharashtra","Aurangabad","56790.0","34767.0","21906.0","27125.0","10896.0","19128.0","89592.0","81020.0"
"108","2006","7","Maharashtra","Aurangabad","66416.0","38185.0","30516.0","25809.0","13492.0","20107.0","110424.0","84101.0"
"108","2007","7","Maharashtra","Aurangabad","74437.0","33506.0","31447.0","17927.0","20025.0","11463.0","125909.0","62896.0"
"108","2008","7","Maharashtra","Aurangabad","83977.0","41406.0","40768.0","28675.0","32465.0","19128.0","157210.0","89209.0"
"108","2009","7","Maharashtra","Aurangabad","83547.0","47103.0","74818.0","33285.0","30127.0","33464.0","188492.0","113852.0"
"108","2010","7","Maharashtra","Aurangabad","85251.0","88374.0","67454.0","46804.0","30417.0","39136.0","183122.0","174314.0"
"108","2011","7","Maharashtra","Aurangabad","93852.0","62811.0","54802.0","48407.0","8255.0","25058.0","156909.0","136276.0"
"108","2012","7","Maharashtra","Aurangabad","75856.0","33118.0","35377.0","20983.0","17485.0","11514.0","128718.0","65615.0"
"108","2013","7","Maharashtra","Aurangabad","97221.0","59963.0","35642.0","34831.0","17465.0","15377.0","150328.0","110171.0"
"108","2014","7","Maharashtra","Aurangabad","89756.0","47833.0","41934.0","21487.0","26009.0","14359.0","157699.0","83679.0"
"108","2015","7","Maharashtra","Aurangabad","88781.0","61108.0","39024.0","40712.0","17071.0","20344.0","144876.0","122164.0"
"108","2016","7","Maharashtra","Aurangabad","92469.0","60444.0","43872.0","37271.0","23152.0","20579.0","159493.0","118294.0"
"108","2017","7","Maharashtra","Aurangabad","99528.0","36654.0","48012.0","24450.0","28616.0","13158.0","176156.0","74262.0"
"109","1990","7","Maharashtra","Parbhani","15448.0","6400.0","6476.0","5044.0","2731.0","1354.0","24655.0","12798.0"
"109","1991","7","Maharashtra","Parbhani","17328.0","5780.0","5750.0","2789.0","2685.0","959.0","25763.0","9528.0"
"109","1992","7","Maharashtra","Parbhani","17328.0","5780.0","5750.0","2789.0","2685.0","959.0","25763.0","9528.0"
"109","1993","7","Maharashtra","Parbhani","14796.0","7092.0","4164.0","2813.0","1302.0","728.0","20262.0","10633.0"
"109","1994","7","Maharashtra","Parbhani","14387.0","4737.0","6288.0","3081.0","1968.0","1222.0","22643.0","9040.0"
"109","1995","7","Maharashtra","Parbhani","18530.0","5914.0","7279.0","3768.0","2756.0","1590.0","28565.0","11272.0"
"109","1996","7","Maharashtra","Parbhani","21641.0","7546.0","8202.0","3373.0","2518.0","657.0","32361.0","11576.0"
"109","1997","7","Maharashtra","Parbhani","24416.0","8356.0","10383.0","4215.0","2297.0","1247.0","37096.0","13818.0"
"109","1998","7","Maharashtra","Parbhani","-1.0","-1.0","-1.0","-1.0","-1.0","-1.0","-1.0","-1.0"
"109","1999","7","Maharashtra","Parbhani","-1.0","-1.0","-1.0","-1.0","-1.0","-1.0","-1.0","-1.0"
"109","2000","7","Maharashtra","Parbhani","25147.0","14226.0","10043.0","5696.0","4876.0","2413.0","40066.0","22335.0"
"109","2001","7","Maharashtra","Parbhani","25501.0","15034.0","10525.0","6320.0","4703.0","3110.0","40729.0","24464.0"
"109","2002","7","Maharashtra","Parbhani","29861.0","14993.0","14884.0","7640.0","6913.0","2150.0","51658.0","24783.0"
"109","2003","7","Maharashtra","Parbhani","28422.0","11228.0","14786.0","6476.0","5660.0","1683.0","48868.0","19387.0"
"109","2004","7","Maharashtra","Parbhani","23192.0","6558.0","15665.0","3888.0","4151.0","1086.0","43008.0","11532.0"
"109","2005","7","Maharashtra","Parbhani","23381.0","14096.0","14668.0","9153.0","5014.0","3522.0","43063.0","26771.0"
"109","2006","7","Maharashtra","Parbhani","27345.0","15483.0","20433.0","8709.0","6209.0","3702.0","53987.0","27894.0"
"109","2007","7","Maharashtra","Parbhani","30657.0","13600.0","19685.0","6134.0","8856.0","3290.0","59198.0","23024.0"
"109","2008","7","Maharashtra","Parbhani","31374.0","12317.0","17835.0","8185.0","8857.0","4723.0","58066.0","25225.0"
"109","2009","7","Maharashtra","Parbhani","32717.0","11717.0","28692.0","7120.0","6443.0","6460.0","67852.0","25297.0"
"109","2010","7","Maharashtra","Parbhani","37303.0","23872.0","32094.0","17276.0","13643.0","9793.0","83040.0","50941.0"
"109","2011","7","Maharashtra","Parbhani","39707.0","24901.0","24122.0","15437.0","5483.0","7523.0","69312.0","47861.0"
"109","2012","7","Maharashtra","Parbhani","36966.0","20217.0","21919.0","12283.0","9444.0","4869.0","68329.0","37369.0"
"109","2013","7","Maharashtra","Parbhani","36320.0","25899.0","17912.0","14795.0","8477.0","6228.0","62709.0","46922.0"
"109","2014","7","Maharashtra","Parbhani","40397.0","14913.0","21496.0","9003.0","10764.0","5758.0","72657.0","29674.0"
"109","2015","7","Maharashtra","Parbhani","29983.0","17606.0","18971.0","17318.0","7062.0","6979.0","56016.0","41903.0"
"109","2016","7","Maharashtra","Parbhani","31438.0","18941.0","18100.0","13240.0","7909.0","5436.0","57448.0","37617.0"
"109","2017","7","Maharashtra","Parbhani","34449.0","18065.0","24291.0","14947.0","11675.0","4899.0","70415.0","37911.0"
"110","1990","7","Maharashtra","Beed","10820.0","5727.0","4211.0","5608.0","2052.0","1075.0","17083.0","12410.0"
"110","1991","7","Maharashtra","Beed","9581.0","3775.0","4216.0","2420.0","2101.0","544.0","15898.0","6739.0"
"110","1992","7","Maharashtra","Beed","9581.0","3775.0","4216.0","2420.0","2101.0","544.0","15898.0","6739.0"
"110","1993","7","Maharashtra","Beed","13731.0","7260.0","4622.0","2738.0","1103.0","633.0","19456.0","10631.0"
"110","1994","7","Maharashtra","Beed","19823.0","10307.0","6566.0","4826.0","2309.0","1519.0","28698.0","16652.0"
"110","1995","7","Maharashtra","Beed","18585.0","5261.0","6155.0","3298.0","4422.0","3256.0","29162.0","11815.0"
"110","1996","7","Maharashtra","Beed","15292.0","4783.0","5434.0","1825.0","1646.0","464.0","22372.0","7072.0"
"110","1997","7","Maharashtra","Beed","16440.0","5975.0","9203.0","3018.0","1765.0","687.0","27408.0","9680.0"
"110","1998","7","Maharashtra","Beed","-1.0","-1.0","-1.0","-1.0","-1.0","-1.0","-1.0","-1.0"
"110","1999","7","Maharashtra","Beed","-1.0","-1.0","-1.0","-1.0","-1.0","-1.0","-1.0","-1.0"
"110","2000","7","Maharashtra","Beed","22444.0","11732.0","10257.0","5690.0","3736.0","2830.0","36437.0","20252.0"
"110","2001","7","Maharashtra","Beed","22760.0","9905.0","10750.0","4804.0","3603.0","1893.0","37113.0","16602.0"
"110","2002","7","Maharashtra","Beed","26439.0","7193.0","11945.0","3445.0","5799.0","889.0","44183.0","11527.0"
"110","2003","7","Maharashtra","Beed","19027.0","6520.0","10833.0","4564.0","4006.0","957.0","33866.0","12041.0"
"110","2004","7","Maharashtra","Beed","21399.0","5925.0","12751.0","4914.0","5199.0","2013.0","39349.0","12852.0"
"110","2005","7","Maharashtra","Beed","23213.0","11504.0","13341.0","7400.0","6707.0","4729.0","43261.0","23633.0"
"110","2006","7","Maharashtra","Beed","27148.0","12635.0","18584.0","7041.0","8305.0","4971.0","54037.0","24647.0"
"110","2007","7","Maharashtra","Beed","31069.0","10126.0","20378.0","3921.0","12443.0","3223.0","63890.0","17270.0"
"110","2008","7","Maharashtra","Beed","30099.0","13629.0","12740.0","7764.0","5834.0","5348.0","48673.0","26741.0"
"110","2009","7","Maharashtra","Beed","28461.0","17476.0","17856.0","11764.0","4064.0","9167.0","50381.0","38407.0"
"110","2010","7","Maharashtra","Beed","36095.0","25175.0","25437.0","14811.0","14000.0","12118.0","75532.0","52104.0"
"110","2011","7","Maharashtra","Beed","39646.0","23810.0","24494.0","14493.0","3896.0","8626.0","68036.0","46929.0"
"110","2012","7","Maharashtra","Beed","32265.0","13040.0","18085.0","7797.0","8526.0","4643.0","58876.0","25480.0"
"110","2013","7","Maharashtra","Beed","37556.0","20701.0","19052.0","12716.0","8741.0","6241.0","65349.0","39658.0"
"110","2014","7","Maharashtra","Beed","41048.0","12529.0","20156.0","6590.0","9426.0","4098.0","70630.0","23217.0"
"110","2015","7","Maharashtra","Beed","26159.0","16389.0","13904.0","14596.0","6014.0","5373.0","46077.0","36358.0"
"110","2016","7","Maharashtra","Beed","21305.0","25616.0","15598.0","18533.0","8347.0","9072.0","45251.0","53221.0"
"110","2017","7","Maharashtra","Beed","37518.0","22803.0","23768.0","17620.0","11464.0","9661.0","72750.0","50084.0"
"111","1990","7","Maharashtra","Nanded","32173.0","15767.0","10368.0","9956.0","9130.0","5110.0","51671.0","30833.0"
"111","1991","7","Maharashtra","Nanded","26650.0","11340.0","12163.0","5699.0","5658.0","5265.0","44471.0","22304.0"
"111","1992","7","Maharashtra","Nanded","26650.0","11340.0","12163.0","5699.0","5658.0","5265.0","44471.0","22304.0"
"111","1993","7","Maharashtra","Nanded","23916.0","12664.0","3622.0","7536.0","1893.0","1991.0","29431.0","22191.0"
"111","1994","7","Maharashtra","Nanded","24689.0","12423.0","7418.0","8632.0","4356.0","2330.0","36463.0","23385.0"
"111","1995","7","Maharashtra","Nanded","30810.0","16776.0","9979.0","12532.0","2453.0","5717.0","43242.0","35025.0"
"111","1996","7","Maharashtra","Nanded","32867.0","17940.0","6491.0","3589.0","2252.0","1457.0","41610.0","22986.0"
"111","1997","7","Maharashtra","Nanded","34820.0","23469.0","16672.0","11625.0","8419.0","7873.0","59911.0","42967.0"
"111","1998","7","Maharashtra","Nanded","-1.0","-1.0","-1.0","-1.0","-1.0","-1.0","-1.0","-1.0"
"111","1999","7","Maharashtra","Nanded","-1.0","-1.0","-1.0","-1.0","-1.0","-1.0","-1.0","-1.0"
"111","2000","7","Maharashtra","Nanded","29657.0","27411.0","9510.0","16923.0","4584.0","6402.0","43751.0","50736.0"
"111","2001","7","Maharashtra","Nanded","30075.0","27624.0","9967.0","18258.0","4421.0","9320.0","44463.0","55202.0"
"111","2002","7","Maharashtra","Nanded","25936.0","20759.0","7059.0","15818.0","3597.0","10024.0","36592.0","46601.0"
"111","2003","7","Maharashtra","Nanded","30943.0","21401.0","7102.0","17062.0","3234.0","3691.0","41279.0","42154.0"
"111","2004","7","Maharashtra","Nanded","27687.0","18119.0","16167.0","15438.0","7756.0","9875.0","51610.0","43432.0"
"111","2005","7","Maharashtra","Nanded","31191.0","31551.0","16579.0","23698.0","4735.0","13408.0","52505.0","68657.0"
"111","2006","7","Maharashtra","Nanded","36478.0","34653.0","23094.0","22549.0","5862.0","14094.0","65434.0","71296.0"
"111","2007","7","Maharashtra","Nanded","40838.0","24230.0","23048.0","15855.0","8755.0","8565.0","72641.0","48650.0"
"111","2008","7","Maharashtra","Nanded","48406.0","26731.0","25732.0","23890.0","18758.0","16044.0","92896.0","66665.0"
"111","2009","7","Maharashtra","Nanded","50643.0","18168.0","49187.0","12554.0","22531.0","17789.0","122361.0","48511.0"
"111","2010","7","Maharashtra","Nanded","40858.0","41433.0","35389.0","28238.0","17037.0","14197.0","93284.0","83868.0"
"111","2011","7","Maharashtra","Nanded","46653.0","38694.0","34615.0","32723.0","5647.0","14322.0","86915.0","85739.0"
"111","2012","7","Maharashtra","Nanded","37138.0","27241.0","22528.0","23624.0","10829.0","8685.0","70495.0","59550.0"
"111","2013","7","Maharashtra","Nanded","44165.0","31550.0","20396.0","17566.0","7687.0","8529.0","72248.0","57645.0"
"111","2014","7","Maharashtra","Nanded","47991.0","37136.0","25641.0","20636.0","11238.0","14885.0","84870.0","72657.0"
"111","2015","7","Maharashtra","Nanded","45622.0","44308.0","24208.0","36270.0","6443.0","12312.0","76273.0","92890.0"
"111","2016","7","Maharashtra","Nanded","42619.0","44090.0","21288.0","29314.0","11432.0","13767.0","75339.0","87171.0"
"111","2017","7","Maharashtra","Nanded","52126.0","23238.0","32402.0","24289.0","19679.0","10363.0","104207.0","57890.0"
"112","1990","7","Maharashtra","Osmanabad","15697.0","10421.0","9417.0","8146.0","3803.0","2728.0","28917.0","21295.0"
"112","1991","7","Maharashtra","Osmanabad","20847.0","5888.0","10880.0","3793.0","3847.0","1243.0","35574.0","10924.0"
"112","1992","7","Maharashtra","Osmanabad","20847.0","5888.0","10880.0","3793.0","3847.0","1243.0","35574.0","10924.0"
"112","1993","7","Maharashtra","Osmanabad","17258.0","11422.0","5245.0","5629.0","1720.0","1020.0","24223.0","18071.0"
"112","1994","7","Maharashtra","Osmanabad","18116.0","5440.0","7876.0","5467.0","3526.0","1608.0","29518.0","12515.0"
"112","1995","7","Maharashtra","Osmanabad","21060.0","12895.0","10003.0","11560.0","3811.0","4961.0","34874.0","29416.0"
"112","1996","7","Maharashtra","Osmanabad","20069.0","11913.0","8270.0","5131.0","1700.0","1752.0","30039.0","18796.0"
"112","1997","7","Maharashtra","Osmanabad","23116.0","9030.0","16809.0","5363.0","4186.0","1743.0","44111.0","16136.0"
"112","1998","7","Maharashtra","Osmanabad","-1.0","-1.0","-1.0","-1.0","-1.0","-1.0","-1.0","-1.0"
"112","1999","7","Maharashtra","Osmanabad","-1.0","-1.0","-1.0","-1.0","-1.0","-1.0","-1.0","-1.0"
"112","2000","7","Maharashtra","Osmanabad","25969.0","15081.0","15777.0","11403.0","5873.0","7352.0","47619.0","33836.0"
"112","2001","7","Maharashtra","Osmanabad","26337.0","12418.0","16537.0","8746.0","5664.0","2169.0","48538.0","23333.0"
"112","2002","7","Maharashtra","Osmanabad","23774.0","7744.0","16689.0","4591.0","5838.0","2712.0","46301.0","15047.0"
"112","2003","7","Maharashtra","Osmanabad","16823.0","8897.0","13176.0","7743.0","2503.0","1133.0","32502.0","17773.0"
"112","2004","7","Maharashtra","Osmanabad","16074.0","8523.0","14138.0","7686.0","2918.0","2352.0","33130.0","18561.0"
"112","2005","7","Maharashtra","Osmanabad","21077.0","17406.0","16297.0","16839.0","3642.0","7258.0","41016.0","41503.0"
"112","2006","7","Maharashtra","Osmanabad","24649.0","19117.0","22701.0","16022.0","4509.0","7630.0","51859.0","42769.0"
"112","2007","7","Maharashtra","Osmanabad","28260.0","11140.0","23643.0","5911.0","7514.0","2970.0","59417.0","20021.0"
"112","2008","7","Maharashtra","Osmanabad","24906.0","17807.0","20324.0","11183.0","7142.0","5612.0","52372.0","34602.0"
"112","2009","7","Maharashtra","Osmanabad","29906.0","18866.0","36673.0","13132.0","9285.0","8506.0","75864.0","40504.0"
"112","2010","7","Maharashtra","Osmanabad","39592.0","26112.0","35459.0","20540.0","14266.0","11551.0","89317.0","58203.0"
"112","2011","7","Maharashtra","Osmanabad","40464.0","34255.0","26944.0","30831.0","5785.0","9838.0","73193.0","74924.0"
"112","2012","7","Maharashtra","Osmanabad","34878.0","20320.0","23200.0","15388.0","5888.0","4129.0","63966.0","39837.0"
"112","2013","7","Maharashtra","Osmanabad","36138.0","26804.0","21077.0","18206.0","6974.0","6192.0","64189.0","51202.0"
"112","2014","7","Maharashtra","Osmanabad","36143.0","17170.0","26778.0","13463.0","11238.0","5387.0","74159.0","36020.0"
"112","2015","7","Maharashtra","Osmanabad","25052.0","12156.0","21441.0","15736.0","5343.0","4232.0","51836.0","32124.0"
"112","2016","7","Maharashtra","Osmanabad","21459.0","26088.0","20995.0","18300.0","4373.0","6775.0","46827.0","51163.0"
"112","2017","7","Maharashtra","Osmanabad","28780.0","28237.0","27380.0","23065.0","9849.0","9270.0","66009.0","60572.0"
"113","1990","7","Maharashtra","Buldhana","18945.0","8081.0","9205.0","4898.0","2726.0","999.0","30876.0","13978.0"
"113","1991","7","Maharashtra","Buldhana","16899.0","5146.0","8073.0","2627.0","2582.0","492.0","27554.0","8265.0"
"113","1992","7","Maharashtra","Buldhana","16899.0","5146.0","8073.0","2627.0","2582.0","492.0","27554.0","8265.0"
"113","1993","7","Maharashtra","Buldhana","20009.0","8253.0","5591.0","4202.0","987.0","794.0","26587.0","13249.0"
"113","1994","7","Maharashtra","Buldhana","20792.0","10528.0","6418.0","5115.0","2228.0","990.0","29438.0","16633.0"
"113","1995","7","Maharashtra","Buldhana","23349.0","12289.0","7047.0","9227.0","2645.0","2013.0","33041.0","23529.0"
"113","1996","7","Maharashtra","Buldhana","22489.0","9313.0","6178.0","3936.0","713.0","1205.0","29380.0","14454.0"
"113","1997","7","Maharashtra","Buldhana","28009.0","9071.0","14028.0","3406.0","2830.0","191.0","44867.0","12668.0"
"113","1998","7","Maharashtra","Buldhana","-1.0","-1.0","-1.0","-1.0","-1.0","-1.0","-1.0","-1.0"
"113","1999","7","Maharashtra","Buldhana","-1.0","-1.0","-1.0","-1.0","-1.0","-1.0","-1.0","-1.0"
"113","2000","7","Maharashtra","Buldhana","26564.0","7511.0","12151.0","7068.0","3744.0","518.0","42459.0","15097.0"
"113","2001","7","Maharashtra","Buldhana","26939.0","13181.0","12735.0","6434.0","3611.0","292.0","43285.0","19907.0"
"113","2002","7","Maharashtra","Buldhana","25139.0","17626.0","15906.0","9080.0","3113.0","2536.0","44158.0","29242.0"
"113","2003","7","Maharashtra","Buldhana","25261.0","9534.0","12568.0","5859.0","2182.0","498.0","40011.0","15891.0"
"113","2004","7","Maharashtra","Buldhana","26723.0","6617.0","18495.0","6088.0","4310.0","1234.0","49528.0","13939.0"
"113","2005","7","Maharashtra","Buldhana","26664.0","10457.0","13902.0","9573.0","3274.0","2865.0","43840.0","22895.0"
"113","2006","7","Maharashtra","Buldhana","31183.0","11485.0","19366.0","9109.0","4054.0","3012.0","54603.0","23606.0"
"113","2007","7","Maharashtra","Buldhana","34159.0","11299.0","18083.0","8127.0","5935.0","4057.0","58177.0","23483.0"
"113","2008","7","Maharashtra","Buldhana","44391.0","11638.0","21750.0","11265.0","10922.0","5438.0","77063.0","28341.0"
"113","2009","7","Maharashtra","Buldhana","39967.0","19521.0","29088.0","16998.0","5174.0","8188.0","74229.0","44707.0"
"113","2010","7","Maharashtra","Buldhana","38690.0","31431.0","31908.0","23344.0","11178.0","14035.0","81776.0","68810.0"
"113","2011","7","Maharashtra","Buldhana","42955.0","20265.0","25089.0","18355.0","3414.0","7247.0","71458.0","45867.0"
"113","2012","7","Maharashtra","Buldhana","40026.0","16315.0","21943.0","15861.0","7995.0","4326.0","69964.0","36502.0"
"113","2013","7","Maharashtra","Buldhana","38935.0","26768.0","20039.0","18863.0","6657.0","5859.0","65631.0","51490.0"
"113","2014","7","Maharashtra","Buldhana","36024.0","25850.0","21616.0","22427.0","8135.0","9947.0","65775.0","58224.0"
"113","2015","7","Maharashtra","Buldhana","29716.0","22385.0","14404.0","24230.0","2929.0","7596.0","47049.0","54211.0"
"113","2016","7","Maharashtra","Buldhana","32186.0","21995.0","17588.0","19675.0","6432.0","6165.0","56206.0","47835.0"
"113","2017","7","Maharashtra","Buldhana","32175.0","14659.0","20218.0","17725.0","8340.0","5316.0","60733.0","37700.0"
"114","1990","7","Maharashtra","Akola","19185.0","7793.0","6165.0","5317.0","2779.0","1161.0","28129.0","14271.0"
"114","1991","7","Maharashtra","Akola","17658.0","4254.0","9710.0","3413.0","3191.0","1300.0","30559.0","8967.0"
"114","1992","7","Maharashtra","Akola","17658.0","4254.0","9710.0","3413.0","3191.0","1300.0","30559.0","8967.0"
"114","1993","7","Maharashtra","Akola","19120.0","6627.0","6541.0","2699.0","2139.0","373.0","27800.0","9699.0"
"114","1994","7","Maharashtra","Akola","21601.0","11061.0","8228.0","7182.0","773.0","1642.0","30602.0","19885.0"
"114","1995","7","Maharashtra","Akola","33576.0","10705.0","13183.0","7783.0","4289.0","506.0","51048.0","18994.0"
"114","1996","7","Maharashtra","Akola","32776.0","12070.0","11290.0","4698.0","2538.0","1178.0","46604.0","17946.0"
"114","1997","7","Maharashtra","Akola","36152.0","12494.0","19048.0","6889.0","1553.0","2497.0","56753.0","21880.0"
"114","1998","7","Maharashtra","Akola","-1.0","-1.0","-1.0","-1.0","-1.0","-1.0","-1.0","-1.0"
"114","1999","7","Maharashtra","Akola","-1.0","-1.0","-1.0","-1.0","-1.0","-1.0","-1.0","-1.0"
"114","2000","7","Maharashtra","Akola","23282.0","11472.0","12912.0","9422.0","1798.0","2190.0","37992.0","23084.0"
"114","2001","7","Maharashtra","Akola","23610.0","15864.0","13533.0","10890.0","1735.0","2566.0","38878.0","29320.0"
"114","2002","7","Maharashtra","Akola","18787.0","12100.0","13470.0","9418.0","2804.0","2306.0","35061.0","23824.0"
"114","2003","7","Maharashtra","Akola","18084.0","11717.0","8935.0","9410.0","1504.0","1786.0","28523.0","22913.0"
"114","2004","7","Maharashtra","Akola","19997.0","8028.0","14602.0","8768.0","2514.0","3566.0","37113.0","20362.0"
"114","2005","7","Maharashtra","Akola","18226.0","12329.0","9330.0","10850.0","2665.0","3003.0","30221.0","26182.0"
"114","2006","7","Maharashtra","Akola","21315.0","13541.0","12997.0","10323.0","3299.0","3157.0","37611.0","27021.0"
"114","2007","7","Maharashtra","Akola","22813.0","19083.0","11084.0","13097.0","4267.0","5657.0","38164.0","37837.0"
"114","2008","7","Maharashtra","Akola","23731.0","10189.0","17724.0","12494.0","5944.0","3961.0","47399.0","26644.0"
"114","2009","7","Maharashtra","Akola","31259.0","12331.0","28446.0","10309.0","4680.0","5043.0","64385.0","27683.0"
"114","2010","7","Maharashtra","Akola","30647.0","21969.0","27850.0","13837.0","7239.0","5875.0","65736.0","41681.0"
"114","2011","7","Maharashtra","Akola","32609.0","16556.0","20094.0","17676.0","6721.0","4590.0","59424.0","38822.0"
"114","2012","7","Maharashtra","Akola","26385.0","18884.0","18388.0","13469.0","6075.0","3333.0","50848.0","35686.0"
"114","2013","7","Maharashtra","Akola","27086.0","21572.0","16551.0","19492.0","3260.0","2621.0","46897.0","43685.0"
"114","2014","7","Maharashtra","Akola","23698.0","17220.0","17486.0","10585.0","5760.0","4828.0","46944.0","32633.0"
"114","2015","7","Maharashtra","Akola","27563.0","18603.0","20134.0","20470.0","5793.0","6443.0","53490.0","45516.0"
"114","2016","7","Maharashtra","Akola","25685.0","15074.0","15145.0","12566.0","4879.0","3346.0","45709.0","30986.0"
"114","2017","7","Maharashtra","Akola","23850.0","10509.0","19679.0","11020.0","7434.0","3355.0","50963.0","24884.0"
"115","1990","7","Maharashtra","Amarawati","19004.0","7201.0","9988.0","5639.0","4674.0","1642.0","33666.0","14482.0"
"115","1991","7","Maharashtra","Amarawati","15342.0","5201.0","8073.0","5143.0","2836.0","2191.0","26251.0","12535.0"
"115","1992","7","Maharashtra","Amarawati","15342.0","5201.0","8073.0","5143.0","2836.0","2191.0","26251.0","12535.0"
"115","1993","7","Maharashtra","Amarawati","15374.0","9181.0","6192.0","1692.0","2457.0","603.0","24023.0","11476.0"
"115","1994","7","Maharashtra","Amarawati","18369.0","11163.0","8957.0","5503.0","2897.0","2841.0","30223.0","19507.0"
"115","1995","7","Maharashtra","Amarawati","26431.0","7049.0","9223.0","6085.0","5217.0","707.0","40871.0","13841.0"
"115","1996","7","Maharashtra","Amarawati","24994.0","11822.0","11237.0","3873.0","3827.0","2722.0","40058.0","18417.0"
"115","1997","7","Maharashtra","Amarawati","21674.0","9135.0","9064.0","5569.0","2861.0","643.0","33599.0","15347.0"
"115","1998","7","Maharashtra","Amarawati","-1.0","-1.0","-1.0","-1.0","-1.0","-1.0","-1.0","-1.0"
"115","1999","7","Maharashtra","Amarawati","-1.0","-1.0","-1.0","-1.0","-1.0","-1.0","-1.0","-1.0"
"115","2000","7","Maharashtra","Amarawati","16836.0","8066.0","9288.0","5441.0","2591.0","1823.0","28715.0","15330.0"
"115","2001","7","Maharashtra","Amarawati","17074.0","5855.0","9735.0","3464.0","2499.0","441.0","29308.0","9760.0"
"115","2002","7","Maharashtra","Amarawati","12584.0","9272.0","7511.0","6207.0","1705.0","2805.0","21800.0","18284.0"
"115","2003","7","Maharashtra","Amarawati","14467.0","7713.0","10296.0","7329.0","1498.0","1066.0","26261.0","16108.0"
"115","2004","7","Maharashtra","Amarawati","10901.0","8497.0","7131.0","6685.0","1275.0","1732.0","19307.0","16914.0"
"115","2005","7","Maharashtra","Amarawati","11752.0","8121.0","6381.0","6645.0","2053.0","3620.0","20186.0","18386.0"
"115","2006","7","Maharashtra","Amarawati","13744.0","8919.0","8889.0","6323.0","2542.0","3805.0","25175.0","19047.0"
"115","2007","7","Maharashtra","Amarawati","15115.0","15015.0","8368.0","8180.0","3708.0","3593.0","27191.0","26788.0"
"115","2008","7","Maharashtra","Amarawati","19726.0","12886.0","16465.0","11896.0","7280.0","5350.0","43471.0","30132.0"
"115","2009","7","Maharashtra","Amarawati","25667.0","12969.0","21318.0","7535.0","6193.0","6605.0","53178.0","27109.0"
"115","2010","7","Maharashtra","Amarawati","16714.0","21196.0","17180.0","14469.0","5032.0","5365.0","38926.0","41030.0"
"115","2011","7","Maharashtra","Amarawati","20449.0","18989.0","15777.0","16873.0","2754.0","9347.0","38980.0","45209.0"
"115","2012","7","Maharashtra","Amarawati","20379.0","17605.0","14414.0","10827.0","4051.0","4804.0","38844.0","33236.0"
"115","2013","7","Maharashtra","Amarawati","20877.0","17096.0","16089.0","8526.0","7394.0","2699.0","44360.0","28321.0"
"115","2014","7","Maharashtra","Amarawati","18518.0","18875.0","14956.0","8745.0","9150.0","5124.0","42624.0","32744.0"
"115","2015","7","Maharashtra","Amarawati","25493.0","16283.0","18479.0","13394.0","8574.0","5348.0","52546.0","35025.0"
"115","2016","7","Maharashtra","Amarawati","20976.0","12366.0","12346.0","10431.0","6452.0","4381.0","39774.0","27178.0"
"115","2017","7","Maharashtra","Amarawati","21632.0","13409.0","14682.0","10934.0","8740.0","4727.0","45054.0","29070.0"
"116","1990","7","Maharashtra","Yeotmal","16008.0","5110.0","5899.0","3508.0","3572.0","1616.0","25479.0","10234.0"
"116","1991","7","Maharashtra","Yeotmal","20633.0","2866.0","8468.0","2336.0","4957.0","1520.0","34058.0","6722.0"
"116","1992","7","Maharashtra","Yeotmal","20633.0","866.0","8468.0","2336.0","4957.0","1520.0","34058.0","4722.0"
"116","1993","7","Maharashtra","Yeotmal","19092.0","5273.0","4755.0","1872.0","1843.0","695.0","25690.0","7840.0"
"116","1994","7","Maharashtra","Yeotmal","22334.0","8117.0","7623.0","3013.0","3175.0","1377.0","33132.0","12507.0"
"116","1995","7","Maharashtra","Yeotmal","23674.0","7405.0","7909.0","3086.0","3638.0","1951.0","35221.0","12442.0"
"116","1996","7","Maharashtra","Yeotmal","24008.0","6224.0","8347.0","2750.0","2565.0","1418.0","34920.0","10392.0"
"116","1997","7","Maharashtra","Yeotmal","25124.0","8545.0","13552.0","4442.0","2337.0","1703.0","41013.0","14690.0"
"116","1998","7","Maharashtra","Yeotmal","-1.0","-1.0","-1.0","-1.0","-1.0","-1.0","-1.0","-1.0"
"116","1999","7","Maharashtra","Yeotmal","-1.0","-1.0","-1.0","-1.0","-1.0","-1.0","-1.0","-1.0"
"116","2000","7","Maharashtra","Yeotmal","26045.0","9311.0","13343.0","5938.0","5331.0","2205.0","44719.0","17454.0"
"116","2001","7","Maharashtra","Yeotmal","26413.0","9112.0","14005.0","4377.0","5142.0","2217.0","45560.0","15706.0"
"116","2002","7","Maharashtra","Yeotmal","22924.0","11719.0","14130.0","5367.0","5013.0","1528.0","42067.0","18614.0"
"116","2003","7","Maharashtra","Yeotmal","21275.0","10580.0","12541.0","5958.0","3508.0","1353.0","37324.0","17891.0"
"116","2004","7","Maharashtra","Yeotmal","25666.0","3617.0","17876.0","3344.0","4371.0","868.0","47913.0","7829.0"
"116","2005","7","Maharashtra","Yeotmal","25764.0","9170.0","18021.0","5814.0","4503.0","2488.0","48288.0","17472.0"
"116","2006","7","Maharashtra","Yeotmal","30131.0","10071.0","25104.0","5532.0","5575.0","2615.0","60810.0","18218.0"
"116","2007","7","Maharashtra","Yeotmal","33265.0","13782.0","22429.0","4268.0","7654.0","1717.0","63348.0","19767.0"
"116","2008","7","Maharashtra","Yeotmal","36095.0","8770.0","17193.0","5142.0","10141.0","1667.0","63429.0","15579.0"
"116","2009","7","Maharashtra","Yeotmal","33304.0","7595.0","28699.0","6160.0","9745.0","7669.0","71748.0","21424.0"
"116","2010","7","Maharashtra","Yeotmal","36401.0","23428.0","27011.0","13388.0","13635.0","8126.0","77047.0","44942.0"
"116","2011","7","Maharashtra","Yeotmal","41699.0","22676.0","22713.0","17247.0","4712.0","9781.0","69124.0","49704.0"
"116","2012","7","Maharashtra","Yeotmal","41166.0","19186.0","26144.0","10314.0","11273.0","4189.0","78583.0","33689.0"
"116","2013","7","Maharashtra","Yeotmal","34537.0","23837.0","14874.0","12941.0","6805.0","4597.0","56216.0","41375.0"
"116","2014","7","Maharashtra","Yeotmal","43963.0","22008.0","21989.0","12097.0","13216.0","6416.0","79168.0","40521.0"
"116","2015","7","Maharashtra","Yeotmal","40737.0","27254.0","17829.0","19627.0","9501.0","7136.0","68067.0","54017.0"
"116","2016","7","Maharashtra","Yeotmal","36667.0","22706.0","13302.0","13673.0","11020.0","5678.0","60988.0","42057.0"
"116","2017","7","Maharashtra","Yeotmal","39257.0","9458.0","21729.0","10472.0","14748.0","3929.0","75734.0","23859.0"
"117","1990","7","Maharashtra","Wardha","14625.0","4797.0","6060.0","1741.0","3413.0","1421.0","24098.0","7959.0"
"117","1991","7","Maharashtra","Wardha","9943.0","5315.0","4532.0","2510.0","772.0","2979.0","15247.0","10804.0"
"117","1992","7","Maharashtra","Wardha","9943.0","5315.0","4532.0","2510.0","772.0","2979.0","15247.0","10804.0"
"117","1993","7","Maharashtra","Wardha","9161.0","3215.0","2355.0","3739.0","2752.0","2302.0","14268.0","9256.0"
"117","1994","7","Maharashtra","Wardha","10253.0","6900.0","2600.0","3356.0","729.0","1552.0","13582.0","11808.0"
"117","1995","7","Maharashtra","Wardha","11994.0","3536.0","2274.0","4091.0","511.0","2721.0","14779.0","10348.0"
"117","1996","7","Maharashtra","Wardha","17096.0","4063.0","4009.0","1328.0","322.0","606.0","21427.0","5997.0"
"117","1997","7","Maharashtra","Wardha","10171.0","5637.0","1971.0","2602.0","4469.0","3010.0","16611.0","11249.0"
"117","1998","7","Maharashtra","Wardha","-1.0","-1.0","-1.0","-1.0","-1.0","-1.0","-1.0","-1.0"
"117","1999","7","Maharashtra","Wardha","-1.0","-1.0","-1.0","-1.0","-1.0","-1.0","-1.0","-1.0"
"117","2000","7","Maharashtra","Wardha","10398.0","8472.0","3099.0","6347.0","2726.0","2241.0","16223.0","17060.0"
"117","2001","7","Maharashtra","Wardha","10545.0","7875.0","3248.0","5236.0","2629.0","3328.0","16422.0","16439.0"
"117","2002","7","Maharashtra","Wardha","5972.0","6132.0","1671.0","6924.0","1101.0","3967.0","8744.0","17023.0"
"117","2003","7","Maharashtra","Wardha","8987.0","3595.0","2226.0","2390.0","2520.0","1264.0","13733.0","7249.0"
"117","2004","7","Maharashtra","Wardha","9440.0","3794.0","4185.0","2279.0","2528.0","1676.0","16153.0","7749.0"
"117","2005","7","Maharashtra","Wardha","8794.0","5980.0","5103.0","3096.0","2708.0","3794.0","16605.0","12870.0"
"117","2006","7","Maharashtra","Wardha","10284.0","6568.0","7108.0","2946.0","3353.0","3988.0","20745.0","13502.0"
"117","2007","7","Maharashtra","Wardha","11551.0","6188.0","6774.0","3765.0","4678.0","1880.0","23003.0","11833.0"
"117","2008","7","Maharashtra","Wardha","16666.0","8535.0","14621.0","4449.0","5433.0","2551.0","36720.0","15535.0"
"117","2009","7","Maharashtra","Wardha","21277.0","6832.0","19862.0","4604.0","7350.0","4472.0","48489.0","15908.0"
"117","2010","7","Maharashtra","Wardha","15375.0","19570.0","13962.0","12364.0","3639.0","8893.0","32976.0","40827.0"
"117","2011","7","Maharashtra","Wardha","17643.0","12124.0","16229.0","8717.0","4179.0","4035.0","38051.0","24876.0"
"117","2012","7","Maharashtra","Wardha","17719.0","12759.0","11793.0","6443.0","5425.0","3657.0","34937.0","22859.0"
"117","2013","7","Maharashtra","Wardha","21736.0","12597.0","11597.0","7559.0","7449.0","2984.0","40782.0","23140.0"
"117","2014","7","Maharashtra","Wardha","20204.0","16727.0","11703.0","8663.0","8865.0","7784.0","40772.0","33174.0"
"117","2015","7","Maharashtra","Wardha","26772.0","10019.0","17059.0","9504.0","7262.0","5440.0","51093.0","24963.0"
"117","2016","7","Maharashtra","Wardha","27413.0","12833.0","15072.0","9183.0","9794.0","3994.0","52279.0","26010.0"
"117","2017","7","Maharashtra","Wardha","25500.0","4904.0","15637.0","5436.0","13914.0","2512.0","55051.0","12852.0"
"118","1990","7","Maharashtra","Nagpur","12152.0","6218.0","9979.0","3550.0","2878.0","717.0","25009.0","10485.0"
"118","1991","7","Maharashtra","Nagpur","11229.0","6110.0","10001.0","4051.0","2314.0","1408.0","23544.0","11569.0"
"118","1992","7","Maharashtra","Nagpur","11229.0","6110.0","10001.0","4051.0","2314.0","1408.0","23544.0","11569.0"
"118","1993","7","Maharashtra","Nagpur","12876.0","8007.0","6323.0","1755.0","1756.0","103.0","20955.0","9865.0"
"118","1994","7","Maharashtra","Nagpur","12209.0","8787.0","7995.0","3526.0","748.0","399.0","20952.0","12712.0"
"118","1995","7","Maharashtra","Nagpur","17265.0","8036.0","5236.0","3997.0","1640.0","393.0","24141.0","12426.0"
"118","1996","7","Maharashtra","Nagpur","13941.0","9899.0","8154.0","3311.0","832.0","860.0","22927.0","14070.0"
"118","1997","7","Maharashtra","Nagpur","17557.0","11525.0","12473.0","8698.0","2144.0","1236.0","32174.0","21459.0"
"118","1998","7","Maharashtra","Nagpur","-1.0","-1.0","-1.0","-1.0","-1.0","-1.0","-1.0","-1.0"
"118","1999","7","Maharashtra","Nagpur","-1.0","-1.0","-1.0","-1.0","-1.0","-1.0","-1.0","-1.0"
"118","2000","7","Maharashtra","Nagpur","17174.0","7493.0","10927.0","3048.0","1770.0","719.0","29871.0","11260.0"
"118","2001","7","Maharashtra","Nagpur","17416.0","5858.0","11452.0","2592.0","1708.0","1238.0","30576.0","9688.0"
"118","2002","7","Maharashtra","Nagpur","16973.0","13253.0","13790.0","7589.0","3755.0","2539.0","34518.0","23381.0"
"118","2003","7","Maharashtra","Nagpur","15133.0","12193.0","9946.0","7277.0","1175.0","1241.0","26254.0","20711.0"
"118","2004","7","Maharashtra","Nagpur","16078.0","8215.0","13708.0","5593.0","2437.0","799.0","32223.0","14607.0"
"118","2005","7","Maharashtra","Nagpur","14388.0","11705.0","13287.0","6117.0","1422.0","978.0","29097.0","18800.0"
"118","2006","7","Maharashtra","Nagpur","16827.0","12856.0","18508.0","5820.0","1761.0","1028.0","37096.0","19704.0"
"118","2007","7","Maharashtra","Nagpur","18720.0","12206.0","17172.0","3728.0","2793.0","1207.0","38685.0","17141.0"
"118","2008","7","Maharashtra","Nagpur","20056.0","10197.0","15845.0","7915.0","4648.0","3282.0","40549.0","21394.0"
"118","2009","7","Maharashtra","Nagpur","22335.0","15036.0","23224.0","6838.0","3360.0","2361.0","48919.0","24235.0"
"118","2010","7","Maharashtra","Nagpur","20120.0","20967.0","20594.0","12429.0","5512.0","4969.0","46226.0","38365.0"
"118","2011","7","Maharashtra","Nagpur","21745.0","20111.0","19409.0","12446.0","3718.0","5328.0","44872.0","37885.0"
"118","2012","7","Maharashtra","Nagpur","23529.0","18302.0","14755.0","8184.0","3968.0","3061.0","42252.0","29547.0"
"118","2013","7","Maharashtra","Nagpur","23030.0","19718.0","11643.0","8419.0","3854.0","2351.0","38527.0","30488.0"
"118","2014","7","Maharashtra","Nagpur","25072.0","19155.0","15821.0","7164.0","6480.0","3224.0","47373.0","29543.0"
"118","2015","7","Maharashtra","Nagpur","30787.0","22160.0","19483.0","12409.0","6929.0","2321.0","57199.0","36890.0"
"118","2016","7","Maharashtra","Nagpur","25516.0","16951.0","12977.0","8352.0","5969.0","2286.0","44462.0","27589.0"
"118","2017","7","Maharashtra","Nagpur","33374.0","17293.0","19715.0","10607.0","8459.0","2414.0","61548.0","30314.0"
"119","1990","7","Maharashtra","Bhandara","11814.0","4921.0","4737.0","3100.0","1559.0","1050.0","18110.0","9071.0"
"119","1991","7","Maharashtra","Bhandara","10939.0","3554.0","4460.0","1062.0","1543.0","300.0","16942.0","4916.0"
"119","1992","7","Maharashtra","Bhandara","10939.0","3554.0","4460.0","1062.0","1543.0","300.0","16942.0","4916.0"
"119","1993","7","Maharashtra","Bhandara","14578.0","4958.0","3098.0","1142.0","948.0","188.0","18624.0","6288.0"
"119","1994","7","Maharashtra","Bhandara","15362.0","9417.0","6776.0","2431.0","1983.0","615.0","24121.0","12463.0"
"119","1995","7","Maharashtra","Bhandara","17504.0","5986.0","5652.0","1391.0","1608.0","582.0","24764.0","7959.0"
"119","1996","7","Maharashtra","Bhandara","19705.0","5720.0","7963.0","1811.0","1688.0","881.0","29356.0","8412.0"
"119","1997","7","Maharashtra","Bhandara","20134.0","5149.0","6287.0","1906.0","366.0","56.0","26787.0","7111.0"
"119","1998","7","Maharashtra","Bhandara","-1.0","-1.0","-1.0","-1.0","-1.0","-1.0","-1.0","-1.0"
"119","1999","7","Maharashtra","Bhandara","-1.0","-1.0","-1.0","-1.0","-1.0","-1.0","-1.0","-1.0"
"119","2000","7","Maharashtra","Bhandara","21384.0","5197.0","10655.0","1920.0","3753.0","632.0","35792.0","7749.0"
"119","2001","7","Maharashtra","Bhandara","21685.0","5454.0","11167.0","2391.0","3619.0","875.0","36471.0","8720.0"
"119","2002","7","Maharashtra","Bhandara","18046.0","7310.0","9232.0","3500.0","3073.0","1460.0","30351.0","12270.0"
"119","2003","7","Maharashtra","Bhandara","19266.0","6768.0","10373.0","3621.0","3282.0","1205.0","32921.0","11594.0"
"119","2004","7","Maharashtra","Bhandara","20016.0","4552.0","9259.0","2128.0","3133.0","721.0","32408.0","7401.0"
"119","2005","7","Maharashtra","Bhandara","21935.0","7317.0","10075.0","3490.0","3660.0","1065.0","35670.0","11872.0"
"119","2006","7","Maharashtra","Bhandara","25653.0","8044.0","14035.0","3321.0","4532.0","1120.0","44220.0","12485.0"
"119","2007","7","Maharashtra","Bhandara","27939.0","8855.0","11898.0","3839.0","5713.0","1836.0","45550.0","14530.0"
"119","2008","7","Maharashtra","Bhandara","25139.0","3459.0","7175.0","1881.0","866.0","485.0","33180.0","5825.0"
"119","2009","7","Maharashtra","Bhandara","22830.0","5995.0","13533.0","4032.0","735.0","1095.0","37098.0","11122.0"
"119","2010","7","Maharashtra","Bhandara","26499.0","9404.0","15270.0","4311.0","3788.0","897.0","45557.0","14612.0"
"119","2011","7","Maharashtra","Bhandara","23475.0","11695.0","11644.0","6491.0","804.0","1689.0","35923.0","19875.0"
"119","2012","7","Maharashtra","Bhandara","24853.0","8533.0","12862.0","4391.0","3293.0","909.0","41008.0","13833.0"
"119","2013","7","Maharashtra","Bhandara","28278.0","10842.0","9982.0","7014.0","2668.0","496.0","40928.0","18352.0"
"119","2014","7","Maharashtra","Bhandara","26008.0","12006.0","12493.0","6113.0","2527.0","755.0","41028.0","18874.0"
"119","2015","7","Maharashtra","Bhandara","31014.0","15084.0","11936.0","9348.0","1438.0","766.0","44388.0","25198.0"
"119","2016","7","Maharashtra","Bhandara","41203.0","13648.0","15100.0","9704.0","2798.0","853.0","59101.0","24205.0"
"119","2017","7","Maharashtra","Bhandara","29421.0","9745.0","11012.0","6276.0","1578.0","466.0","42011.0","16487.0"
"120","1990","7","Maharashtra","Chandrapur","10595.0","3760.0","2892.0","1756.0","926.0","874.0","14413.0","6390.0"
"120","1991","7","Maharashtra","Chandrapur","12877.0","2648.0","4431.0","1130.0","2064.0","250.0","19372.0","4028.0"
"120","1992","7","Maharashtra","Chandrapur","12877.0","2648.0","4431.0","1130.0","2064.0","250.0","19372.0","4028.0"
"120","1993","7","Maharashtra","Chandrapur","14676.0","2779.0","4015.0","502.0","803.0","117.0","19494.0","3398.0"
"120","1994","7","Maharashtra","Chandrapur","16633.0","2815.0","5808.0","1421.0","2029.0","292.0","24470.0","4528.0"
"120","1995","7","Maharashtra","Chandrapur","21270.0","3290.0","7532.0","1032.0","2186.0","332.0","30988.0","4654.0"
"120","1996","7","Maharashtra","Chandrapur","19047.0","5598.0","5887.0","1043.0","1896.0","276.0","26830.0","6917.0"
"120","1997","7","Maharashtra","Chandrapur","19383.0","7065.0","8179.0","2163.0","756.0","809.0","28318.0","10037.0"
"120","1998","7","Maharashtra","Chandrapur","-1.0","-1.0","-1.0","-1.0","-1.0","-1.0","-1.0","-1.0"
"120","1999","7","Maharashtra","Chandrapur","-1.0","-1.0","-1.0","-1.0","-1.0","-1.0","-1.0","-1.0"
"120","2000","7","Maharashtra","Chandrapur","21522.0","5893.0","10735.0","2577.0","2013.0","1478.0","34270.0","9948.0"
"120","2001","7","Maharashtra","Chandrapur","21916.0","7790.0","11249.0","3372.0","1941.0","1260.0","35106.0","12422.0"
"120","2002","7","Maharashtra","Chandrapur","21102.0","7382.0","12523.0","4002.0","3348.0","1409.0","36973.0","12793.0"
"120","2003","7","Maharashtra","Chandrapur","19811.0","8910.0","11095.0","4201.0","2823.0","678.0","33729.0","13789.0"
"120","2004","7","Maharashtra","Chandrapur","22175.0","4786.0","13474.0","2980.0","3643.0","1670.0","39292.0","9436.0"
"120","2005","7","Maharashtra","Chandrapur","24224.0","6608.0","13303.0","3764.0","2842.0","587.0","40369.0","10959.0"
"120","2006","7","Maharashtra","Chandrapur","28331.0","7262.0","18532.0","3591.0","3519.0","623.0","50382.0","11476.0"
"120","2007","7","Maharashtra","Chandrapur","30780.0","7926.0","15997.0","3066.0","4464.0","1020.0","51241.0","12012.0"
"120","2008","7","Maharashtra","Chandrapur","28525.0","4084.0","11635.0","2544.0","2913.0","628.0","43073.0","7256.0"
"120","2009","7","Maharashtra","Chandrapur","29795.0","5037.0","22292.0","3042.0","3765.0","2804.0","55852.0","10883.0"
"120","2010","7","Maharashtra","Chandrapur","30256.0","14343.0","24196.0","5342.0","5331.0","1555.0","59783.0","21240.0"
"120","2011","7","Maharashtra","Chandrapur","28179.0","17942.0","13838.0","10941.0","1368.0","4058.0","43385.0","32941.0"
"120","2012","7","Maharashtra","Chandrapur","33414.0","12933.0","17357.0","4512.0","5212.0","1184.0","55983.0","18629.0"
"120","2013","7","Maharashtra","Chandrapur","34958.0","10415.0","9395.0","9355.0","3101.0","934.0","47454.0","20704.0"
"120","2014","7","Maharashtra","Chandrapur","36765.0","13866.0","16972.0","8039.0","5214.0","1892.0","58951.0","23797.0"
"120","2015","7","Maharashtra","Chandrapur","43916.0","15233.0","16589.0","11442.0","4036.0","2541.0","64541.0","29216.0"
"120","2016","7","Maharashtra","Chandrapur","42948.0","11506.0","15648.0","8247.0","3395.0","1295.0","61989.0","21048.0"
"120","2017","7","Maharashtra","Chandrapur","47331.0","8975.0","20371.0","6840.0","5670.0","1208.0","73372.0","17023.0"