"Dist Code","Year","State Code","State Name","Dist Name","DISTRICT MALE FIELD LABOUR (Rs per Day)","DISTRICT FEMALE FIELD LABOUR (Rs per Day)","STATE MALE AVERAGE FIELD LABOUR (Rs per Day)","STATE FEMALE AVERAGE FIELD LABOUR (Rs per Day)"
"95","1966","7","Maharashtra","Bombay","-1.0","-1.0","2.3","-1.0"
"95","1967","7","Maharashtra","Bombay","-1.0","-1.0","2.3","-1.0"
"95","1968","7","Maharashtra","Bombay","-1.0","-1.0","2.6","-1.0"
"95","1969","7","Maharashtra","Bombay","-1.0","-1.0","2.7","-1.0"
"95","1970","7","Maharashtra","Bombay","-1.0","-1.0","3.1","-1.0"
"95","1971","7","Maharashtra","Bombay","-1.0","-1.0","3.2","-1.0"
"95","1972","7","Maharashtra","Bombay","-1.0","-1.0","-1.0","-1.0"
"95","1973","7","Maharashtra","Bombay","-1.0","-1.0","-1.0","-1.0"
"95","1974","7","Maharashtra","Bombay","-1.0","-1.0","-1.0","-1.0"
"95","1975","7","Maharashtra","Bombay","-1.0","-1.0","-1.0","-1.0"
"95","1976","7","Maharashtra","Bombay","-1.0","-1.0","-1.0","-1.0"
"95","1977","7","Maharashtra","Bombay","-1.0","-1.0","-1.0","-1.0"
"95","1978","7","Maharashtra","Bombay","-1.0","-1.0","-1.0","-1.0"
"95","1979","7","Maharashtra","Bombay","-1.0","-1.0","-1.0","-1.0"
"95","1980","7","Maharashtra","Bombay","-1.0","-1.0","-1.0","-1.0"
"95","1981","7","Maharashtra","Bombay","-1.0","-1.0","5.79","-1.0"
"95","1982","7","Maharashtra","Bombay","-1.0","-1.0","-1.0","-1.0"
"95","1983","7","Maharashtra","Bombay","-1.0","-1.0","-1.0","-1.0"
"95","1984","7","Maharashtra","Bombay","-1.0","-1.0","10.66","-1.0"
"95","1985","7","Maharashtra","Bombay","-1.0","-1.0","11.4","-1.0"
"95","1986","7","Maharashtra","Bombay","-1.0","-1.0","11.0","-1.0"
"95","1987","7","Maharashtra","Bombay","-1.0","-1.0","12.0","-1.0"
"95","1988","7","Maharashtra","Bombay","-1.0","-1.0","13.4","-1.0"
"95","1989","7","Maharashtra","Bombay","-1.0","-1.0","17.6","-1.0"
"96","1966","7","Maharashtra","Thane","3.0","-1.0","2.3","-1.0"
"96","1967","7","Maharashtra","Thane","2.5","1.5","2.6","1.5"
"96","1968","7","Maharashtra","Thane","2.6","1.5","2.7","1.5"
"96","1969","7","Maharashtra","Thane","2.9","-1.0","2.7","-1.0"
"96","1970","7","Maharashtra","Thane","2.9","-1.0","3.1","-1.0"
"96","1971","7","Maharashtra","Thane","2.9","2.5","3.2","2.5"
"96","1972","7","Maharashtra","Thane","2.9","-1.0","-1.0","-1.0"
"96","1973","7","Maharashtra","Thane","3.3","-1.0","-1.0","-1.0"
"96","1974","7","Maharashtra","Thane","3.6","-1.0","-1.0","-1.0"
"96","1975","7","Maharashtra","Thane","3.7","-1.0","-1.0","-1.0"
"96","1976","7","Maharashtra","Thane","3.8","-1.0","-1.0","-1.0"
"96","1977","7","Maharashtra","Thane","4.0","-1.0","-1.0","-1.0"
"96","1978","7","Maharashtra","Thane","4.2","-1.0","-1.0","-1.0"
"96","1979","7","Maharashtra","Thane","5.1","-1.0","-1.0","-1.0"
"96","1980","7","Maharashtra","Thane","5.6","-1.0","-1.0","-1.0"
"96","1981","7","Maharashtra","Thane","6.0","-1.0","5.79","-1.0"
"96","1982","7","Maharashtra","Thane","6.5","-1.0","-1.0","-1.0"
"96","1983","7","Maharashtra","Thane","7.8","-1.0","-1.0","-1.0"
"96","1984","7","Maharashtra","Thane","-1.0","-1.0","10.66","-1.0"
"96","1985","7","Maharashtra","Thane","-1.0","-1.0","11.4","-1.0"
"96","1986","7","Maharashtra","Thane","-1.0","-1.0","11.0","-1.0"
"96","1987","7","Maharashtra","Thane","-1.0","-1.0","12.0","-1.0"
"96","1988","7","Maharashtra","Thane","-1.0","-1.0","13.4","-1.0"
"96","1989","7","Maharashtra","Thane","-1.0","-1.0","17.6","-1.0"
"96","1990","7","Maharashtra","Thane","15.0","-1.0","20.1","-1.0"
"96","1991","7","Maharashtra","Thane","8.0","25.0","22.9","25.0"
"96","1992","7","Maharashtra","Thane","25.0","25.0","23.8","25.0"
"96","1993","7","Maharashtra","Thane","25.0","25.0","28.87","25.0"
"96","1994","7","Maharashtra","Thane","40.0","40.0","35.74","40.0"
"96","1995","7","Maharashtra","Thane","33.45","-1.0","-1.0","-1.0"
"96","1996","7","Maharashtra","Thane","37.17","-1.0","-1.0","-1.0"
"96","1997","7","Maharashtra","Thane","35.05","30.6","45.38","30.6"
"96","1998","7","Maharashtra","Thane","42.79","-1.0","32.21","-1.0"
"96","1999","7","Maharashtra","Thane","45.53","34.98","50.11","34.98"
"96","2000","7","Maharashtra","Thane","46.25","35.94","51.25","35.94"
"96","2001","7","Maharashtra","Thane","51.23","42.56","53.61","42.56"
"96","2002","7","Maharashtra","Thane","-1.0","-1.0","-1.0","-1.0"
"96","2003","7","Maharashtra","Thane","75.0","75.0","57.35","75.0"
"96","2004","7","Maharashtra","Thane","75.0","75.0","51.52","75.0"
"96","2005","7","Maharashtra","Thane","-1.0","-1.0","53.0","-1.0"
"96","2006","7","Maharashtra","Thane","-1.0","-1.0","54.17","-1.0"
"96","2007","7","Maharashtra","Thane","-1.0","-1.0","66.0","-1.0"
"96","2008","7","Maharashtra","Thane","-1.0","-1.0","-1.0","-1.0"
"96","2009","7","Maharashtra","Thane","-1.0","-1.0","-1.0","-1.0"
"97","1966","7","Maharashtra","Raigad","3.8","2.5","2.3","2.5"
"97","1967","7","Maharashtra","Raigad","3.2","2.5","2.6","2.5"
"97","1968","7","Maharashtra","Raigad","3.4","3.0","2.7","3.0"
"97","1969","7","Maharashtra","Raigad","3.7","2.5","2.9","2.5"
"97","1970","7","Maharashtra","Raigad","3.8","2.0","3.1","2.0"
"97","1971","7","Maharashtra","Raigad","3.7","2.0","3.2","2.0"
"97","1972","7","Maharashtra","Raigad","3.8","-1.0","-1.0","-1.0"
"97","1973","7","Maharashtra","Raigad","4.2","-1.0","-1.0","-1.0"
"97","1974","7","Maharashtra","Raigad","4.6","-1.0","-1.0","-1.0"
"97","1975","7","Maharashtra","Raigad","4.8","-1.0","-1.0","-1.0"
"97","1976","7","Maharashtra","Raigad","4.9","-1.0","-1.0","-1.0"
"97","1977","7","Maharashtra","Raigad","5.1","-1.0","-1.0","-1.0"
"97","1978","7","Maharashtra","Raigad","5.4","-1.0","-1.0","-1.0"
"97","1979","7","Maharashtra","Raigad","6.5","-1.0","-1.0","-1.0"
"97","1980","7","Maharashtra","Raigad","7.1","-1.0","-1.0","-1.0"
"97","1981","7","Maharashtra","Raigad","7.7","4.0","5.79","4.0"
"97","1982","7","Maharashtra","Raigad","8.4","-1.0","-1.0","-1.0"
"97","1983","7","Maharashtra","Raigad","10.0","9.0","7.81","9.0"
"97","1984","7","Maharashtra","Raigad","-1.0","-1.0","10.66","-1.0"
"97","1985","7","Maharashtra","Raigad","10.0","9.0","11.36","9.0"
"97","1986","7","Maharashtra","Raigad","-1.0","-1.0","11.0","-1.0"
"97","1987","7","Maharashtra","Raigad","-1.0","-1.0","12.0","-1.0"
"97","1988","7","Maharashtra","Raigad","-1.0","-1.0","13.4","-1.0"
"97","1989","7","Maharashtra","Raigad","-1.0","-1.0","17.6","-1.0"
"97","1990","7","Maharashtra","Raigad","10.0","-1.0","20.1","-1.0"
"97","1991","7","Maharashtra","Raigad","-1.0","-1.0","22.9","-1.0"
"97","1992","7","Maharashtra","Raigad","-1.0","-1.0","23.8","-1.0"
"97","1993","7","Maharashtra","Raigad","33.86","-1.0","28.87","-1.0"
"97","1994","7","Maharashtra","Raigad","34.88","-1.0","35.74","-1.0"
"97","1995","7","Maharashtra","Raigad","42.83","-1.0","-1.0","-1.0"
"97","1996","7","Maharashtra","Raigad","42.56","-1.0","-1.0","-1.0"
"97","1997","7","Maharashtra","Raigad","46.17","-1.0","45.38","-1.0"
"97","1998","7","Maharashtra","Raigad","49.66","-1.0","32.21","-1.0"
"97","1999","7","Maharashtra","Raigad","50.66","38.82","50.11","38.82"
"97","2000","7","Maharashtra","Raigad","51.46","39.58","51.25","39.58"
"97","2001","7","Maharashtra","Raigad","53.6","42.17","53.61","42.17"
"97","2002","7","Maharashtra","Raigad","-1.0","-1.0","-1.0","-1.0"
"97","2003","7","Maharashtra","Raigad","-1.0","-1.0","57.35","-1.0"
"97","2004","7","Maharashtra","Raigad","-1.0","-1.0","51.52","-1.0"
"97","2005","7","Maharashtra","Raigad","-1.0","-1.0","53.0","-1.0"
"97","2006","7","Maharashtra","Raigad","-1.0","-1.0","54.17","-1.0"
"97","2007","7","Maharashtra","Raigad","-1.0","-1.0","66.0","-1.0"
"97","2008","7","Maharashtra","Raigad","-1.0","-1.0","-1.0","-1.0"
"97","2009","7","Maharashtra","Raigad","-1.0","-1.0","-1.0","-1.0"
"98","1966","7","Maharashtra","Ratnagiri","3.0","2.5","2.3","2.5"
"98","1967","7","Maharashtra","Ratnagiri","2.5","2.5","2.6","2.5"
"98","1968","7","Maharashtra","Ratnagiri","2.6","2.5","2.7","2.5"
"98","1969","7","Maharashtra","Ratnagiri","2.9","3.0","2.9","3.0"
"98","1970","7","Maharashtra","Ratnagiri","2.9","-1.0","3.1","-1.0"
"98","1971","7","Maharashtra","Ratnagiri","2.9","-1.0","3.2","-1.0"
"98","1972","7","Maharashtra","Ratnagiri","2.9","-1.0","-1.0","-1.0"
"98","1973","7","Maharashtra","Ratnagiri","3.3","-1.0","-1.0","-1.0"
"98","1974","7","Maharashtra","Ratnagiri","3.6","-1.0","-1.0","-1.0"
"98","1975","7","Maharashtra","Ratnagiri","3.7","-1.0","-1.0","-1.0"
"98","1976","7","Maharashtra","Ratnagiri","3.8","-1.0","-1.0","-1.0"
"98","1977","7","Maharashtra","Ratnagiri","4.0","-1.0","-1.0","-1.0"
"98","1978","7","Maharashtra","Ratnagiri","4.2","-1.0","-1.0","-1.0"
"98","1979","7","Maharashtra","Ratnagiri","5.1","-1.0","-1.0","-1.0"
"98","1980","7","Maharashtra","Ratnagiri","5.6","-1.0","-1.0","-1.0"
"98","1981","7","Maharashtra","Ratnagiri","6.0","-1.0","5.79","-1.0"
"98","1982","7","Maharashtra","Ratnagiri","6.5","-1.0","-1.0","-1.0"
"98","1983","7","Maharashtra","Ratnagiri","7.8","-1.0","7.81","-1.0"
"98","1984","7","Maharashtra","Ratnagiri","-1.0","-1.0","10.66","-1.0"
"98","1985","7","Maharashtra","Ratnagiri","-1.0","-1.0","11.36","-1.0"
"98","1986","7","Maharashtra","Ratnagiri","-1.0","-1.0","11.0","-1.0"
"98","1987","7","Maharashtra","Ratnagiri","-1.0","-1.0","12.0","-1.0"
"98","1988","7","Maharashtra","Ratnagiri","25.0","18.0","13.4","18.0"
"98","1989","7","Maharashtra","Ratnagiri","30.0","12.0","17.6","12.0"
"98","1990","7","Maharashtra","Ratnagiri","30.0","25.0","20.1","25.0"
"98","1991","7","Maharashtra","Ratnagiri","30.0","25.0","22.9","25.0"
"98","1992","7","Maharashtra","Ratnagiri","41.3","25.0","23.8","25.0"
"98","1993","7","Maharashtra","Ratnagiri","50.0","40.0","28.87","40.0"
"98","1994","7","Maharashtra","Ratnagiri","50.0","40.0","35.74","40.0"
"98","1995","7","Maharashtra","Ratnagiri","38.1","-1.0","-1.0","-1.0"
"98","1996","7","Maharashtra","Ratnagiri","37.5","-1.0","-1.0","-1.0"
"98","1997","7","Maharashtra","Ratnagiri","52.31","30.0","45.38","30.0"
"98","1998","7","Maharashtra","Ratnagiri","54.44","46.1","32.21","46.1"
"98","1999","7","Maharashtra","Ratnagiri","56.28","43.36","50.11","43.36"
"98","2000","7","Maharashtra","Ratnagiri","56.77","42.07","51.25","42.07"
"98","2001","7","Maharashtra","Ratnagiri","57.42","44.23","53.61","44.23"
"98","2002","7","Maharashtra","Ratnagiri","-1.0","-1.0","-1.0","-1.0"
"98","2003","7","Maharashtra","Ratnagiri","-1.0","-1.0","57.35","-1.0"
"98","2004","7","Maharashtra","Ratnagiri","-1.0","-1.0","51.52","-1.0"
"98","2005","7","Maharashtra","Ratnagiri","-1.0","-1.0","53.0","-1.0"
"98","2006","7","Maharashtra","Ratnagiri","-1.0","-1.0","54.17","-1.0"
"98","2007","7","Maharashtra","Ratnagiri","-1.0","-1.0","66.0","-1.0"
"98","2008","7","Maharashtra","Ratnagiri","-1.0","-1.0","-1.0","-1.0"
"98","2009","7","Maharashtra","Ratnagiri","-1.0","-1.0","-1.0","-1.0"
"99","1966","7","Maharashtra","Nasik","3.0","2.5","2.3","2.5"
"99","1967","7","Maharashtra","Nasik","2.5","1.5","2.6","1.5"
"99","1968","7","Maharashtra","Nasik","2.6","1.5","2.7","1.5"
"99","1969","7","Maharashtra","Nasik","2.9","2.0","2.9","2.0"
"99","1970","7","Maharashtra","Nasik","2.9","2.0","3.1","2.0"
"99","1971","7","Maharashtra","Nasik","2.9","2.0","3.2","2.0"
"99","1972","7","Maharashtra","Nasik","2.9","-1.0","-1.0","-1.0"
"99","1973","7","Maharashtra","Nasik","3.3","-1.0","-1.0","-1.0"
"99","1974","7","Maharashtra","Nasik","3.6","-1.0","-1.0","-1.0"
"99","1975","7","Maharashtra","Nasik","3.7","-1.0","-1.0","-1.0"
"99","1976","7","Maharashtra","Nasik","3.8","-1.0","-1.0","-1.0"
"99","1977","7","Maharashtra","Nasik","4.0","-1.0","-1.0","-1.0"
"99","1978","7","Maharashtra","Nasik","4.2","-1.0","-1.0","-1.0"
"99","1979","7","Maharashtra","Nasik","5.1","-1.0","-1.0","-1.0"
"99","1980","7","Maharashtra","Nasik","5.6","-1.0","-1.0","-1.0"
"99","1981","7","Maharashtra","Nasik","6.0","5.0","5.79","5.0"
"99","1982","7","Maharashtra","Nasik","6.5","-1.0","-1.0","-1.0"
"99","1983","7","Maharashtra","Nasik","7.8","-1.0","7.81","-1.0"
"99","1984","7","Maharashtra","Nasik","-1.0","-1.0","10.66","-1.0"
"99","1985","7","Maharashtra","Nasik","-1.0","-1.0","11.36","-1.0"
"99","1986","7","Maharashtra","Nasik","-1.0","-1.0","11.0","-1.0"
"99","1987","7","Maharashtra","Nasik","-1.0","-1.0","12.0","-1.0"
"99","1988","7","Maharashtra","Nasik","-1.0","-1.0","13.4","-1.0"
"99","1989","7","Maharashtra","Nasik","-1.0","-1.0","17.6","-1.0"
"99","1990","7","Maharashtra","Nasik","-1.0","-1.0","20.1","-1.0"
"99","1991","7","Maharashtra","Nasik","-1.0","-1.0","22.9","-1.0"
"99","1992","7","Maharashtra","Nasik","27.5","25.0","23.8","25.0"
"99","1993","7","Maharashtra","Nasik","30.0","25.0","28.87","25.0"
"99","1994","7","Maharashtra","Nasik","30.0","25.0","35.74","25.0"
"99","1995","7","Maharashtra","Nasik","33.23","-1.0","-1.0","-1.0"
"99","1996","7","Maharashtra","Nasik","34.01","-1.0","-1.0","-1.0"
"99","1997","7","Maharashtra","Nasik","44.08","30.6","45.38","30.6"
"99","1998","7","Maharashtra","Nasik","44.6","-1.0","32.21","-1.0"
"99","1999","7","Maharashtra","Nasik","48.06","37.75","50.11","37.75"
"99","2000","7","Maharashtra","Nasik","50.74","41.12","51.25","41.12"
"99","2001","7","Maharashtra","Nasik","53.23","45.75","53.61","45.75"
"99","2002","7","Maharashtra","Nasik","-1.0","-1.0","-1.0","-1.0"
"99","2003","7","Maharashtra","Nasik","-1.0","-1.0","57.35","-1.0"
"99","2004","7","Maharashtra","Nasik","-1.0","-1.0","51.52","-1.0"
"99","2005","7","Maharashtra","Nasik","-1.0","-1.0","53.0","-1.0"
"99","2006","7","Maharashtra","Nasik","-1.0","-1.0","54.17","-1.0"
"99","2007","7","Maharashtra","Nasik","-1.0","-1.0","66.0","-1.0"
"99","2008","7","Maharashtra","Nasik","-1.0","-1.0","-1.0","-1.0"
"99","2009","7","Maharashtra","Nasik","-1.0","-1.0","-1.0","-1.0"
"100","1966","7","Maharashtra","Dhule","3.0","1.5","2.3","1.5"
"100","1967","7","Maharashtra","Dhule","2.5","1.5","2.6","1.5"
"100","1968","7","Maharashtra","Dhule","2.6","2.0","2.7","2.0"
"100","1969","7","Maharashtra","Dhule","2.9","2.0","2.9","2.0"
"100","1970","7","Maharashtra","Dhule","2.9","1.75","3.1","1.75"
"100","1971","7","Maharashtra","Dhule","2.9","2.0","3.2","2.0"
"100","1972","7","Maharashtra","Dhule","2.9","-1.0","-1.0","-1.0"
"100","1973","7","Maharashtra","Dhule","3.3","-1.0","-1.0","-1.0"
"100","1974","7","Maharashtra","Dhule","3.6","-1.0","-1.0","-1.0"
"100","1975","7","Maharashtra","Dhule","3.7","-1.0","-1.0","-1.0"
"100","1976","7","Maharashtra","Dhule","3.8","-1.0","-1.0","-1.0"
"100","1977","7","Maharashtra","Dhule","4.0","-1.0","-1.0","-1.0"
"100","1978","7","Maharashtra","Dhule","4.2","-1.0","-1.0","-1.0"
"100","1979","7","Maharashtra","Dhule","5.1","-1.0","-1.0","-1.0"
"100","1980","7","Maharashtra","Dhule","5.6","-1.0","-1.0","-1.0"
"100","1981","7","Maharashtra","Dhule","6.0","4.0","5.79","4.0"
"100","1982","7","Maharashtra","Dhule","6.5","-1.0","-1.0","-1.0"
"100","1983","7","Maharashtra","Dhule","7.8","-1.0","7.81","-1.0"
"100","1984","7","Maharashtra","Dhule","10.0","5.0","10.66","5.0"
"100","1985","7","Maharashtra","Dhule","10.0","5.0","11.36","5.0"
"100","1986","7","Maharashtra","Dhule","-1.0","-1.0","11.0","-1.0"
"100","1987","7","Maharashtra","Dhule","-1.0","-1.0","12.0","-1.0"
"100","1988","7","Maharashtra","Dhule","-1.0","-1.0","13.4","-1.0"
"100","1989","7","Maharashtra","Dhule","10.0","-1.0","17.6","-1.0"
"100","1990","7","Maharashtra","Dhule","10.0","-1.0","20.1","-1.0"
"100","1991","7","Maharashtra","Dhule","-1.0","-1.0","22.9","-1.0"
"100","1992","7","Maharashtra","Dhule","-1.0","-1.0","23.8","-1.0"
"100","1993","7","Maharashtra","Dhule","28.51","-1.0","28.87","-1.0"
"100","1994","7","Maharashtra","Dhule","27.3","-1.0","35.74","-1.0"
"100","1995","7","Maharashtra","Dhule","34.72","-1.0","-1.0","-1.0"
"100","1996","7","Maharashtra","Dhule","27.92","-1.0","-1.0","-1.0"
"100","1997","7","Maharashtra","Dhule","30.73","-1.0","45.38","-1.0"
"100","1998","7","Maharashtra","Dhule","32.33","-1.0","32.21","-1.0"
"100","1999","7","Maharashtra","Dhule","38.96","30.58","50.11","30.58"
"100","2000","7","Maharashtra","Dhule","40.07","32.24","51.25","32.24"
"100","2001","7","Maharashtra","Dhule","43.69","38.63","53.61","38.63"
"100","2002","7","Maharashtra","Dhule","-1.0","-1.0","-1.0","-1.0"
"100","2003","7","Maharashtra","Dhule","-1.0","-1.0","57.35","-1.0"
"100","2004","7","Maharashtra","Dhule","-1.0","-1.0","51.52","-1.0"
"100","2005","7","Maharashtra","Dhule","-1.0","-1.0","53.0","-1.0"
"100","2006","7","Maharashtra","Dhule","-1.0","-1.0","54.17","-1.0"
"100","2007","7","Maharashtra","Dhule","-1.0","-1.0","66.0","-1.0"
"100","2008","7","Maharashtra","Dhule","-1.0","-1.0","-1.0","-1.0"
"100","2009","7","Maharashtra","Dhule","-1.0","-1.0","-1.0","-1.0"
"101","1966","7","Maharashtra","Jalgaon","3.0","2.0","2.3","2.0"
"101","1967","7","Maharashtra","Jalgaon","2.5","1.5","2.6","1.5"
"101","1968","7","Maharashtra","Jalgaon","2.6","1.5","2.7","1.5"
"101","1969","7","Maharashtra","Jalgaon","2.9","1.5","2.9","1.5"
"101","1970","7","Maharashtra","Jalgaon","2.9","2.0","3.1","2.0"
"101","1971","7","Maharashtra","Jalgaon","2.9","2.0","3.2","2.0"
"101","1972","7","Maharashtra","Jalgaon","2.9","-1.0","-1.0","-1.0"
"101","1973","7","Maharashtra","Jalgaon","3.3","-1.0","-1.0","-1.0"
"101","1974","7","Maharashtra","Jalgaon","3.6","-1.0","-1.0","-1.0"
"101","1975","7","Maharashtra","Jalgaon","3.7","-1.0","-1.0","-1.0"
"101","1976","7","Maharashtra","Jalgaon","3.8","-1.0","-1.0","-1.0"
"101","1977","7","Maharashtra","Jalgaon","4.0","-1.0","-1.0","-1.0"
"101","1978","7","Maharashtra","Jalgaon","4.2","-1.0","-1.0","-1.0"
"101","1979","7","Maharashtra","Jalgaon","5.1","-1.0","-1.0","-1.0"
"101","1980","7","Maharashtra","Jalgaon","5.6","-1.0","-1.0","-1.0"
"101","1981","7","Maharashtra","Jalgaon","6.0","4.0","5.79","4.0"
"101","1982","7","Maharashtra","Jalgaon","6.5","-1.0","-1.0","-1.0"
"101","1983","7","Maharashtra","Jalgaon","7.8","-1.0","7.81","-1.0"
"101","1984","7","Maharashtra","Jalgaon","-1.0","-1.0","10.66","-1.0"
"101","1985","7","Maharashtra","Jalgaon","-1.0","-1.0","11.36","-1.0"
"101","1986","7","Maharashtra","Jalgaon","-1.0","-1.0","11.0","-1.0"
"101","1987","7","Maharashtra","Jalgaon","-1.0","-1.0","12.0","-1.0"
"101","1988","7","Maharashtra","Jalgaon","-1.0","-1.0","13.4","-1.0"
"101","1989","7","Maharashtra","Jalgaon","-1.0","-1.0","17.6","-1.0"
"101","1990","7","Maharashtra","Jalgaon","-1.0","-1.0","20.1","-1.0"
"101","1991","7","Maharashtra","Jalgaon","-1.0","-1.0","22.9","-1.0"
"101","1992","7","Maharashtra","Jalgaon","-1.0","-1.0","23.8","-1.0"
"101","1993","7","Maharashtra","Jalgaon","28.62","-1.0","28.87","-1.0"
"101","1994","7","Maharashtra","Jalgaon","34.88","-1.0","35.74","-1.0"
"101","1995","7","Maharashtra","Jalgaon","35.0","-1.0","-1.0","-1.0"
"101","1996","7","Maharashtra","Jalgaon","45.84","-1.0","-1.0","-1.0"
"101","1997","7","Maharashtra","Jalgaon","48.23","-1.0","45.38","-1.0"
"101","1998","7","Maharashtra","Jalgaon","48.9","-1.0","32.21","-1.0"
"101","1999","7","Maharashtra","Jalgaon","61.52","46.36","50.11","46.36"
"101","2000","7","Maharashtra","Jalgaon","61.87","46.6","51.25","46.6"
"101","2001","7","Maharashtra","Jalgaon","63.23","50.67","53.61","50.67"
"101","2002","7","Maharashtra","Jalgaon","-1.0","-1.0","-1.0","-1.0"
"101","2003","7","Maharashtra","Jalgaon","-1.0","-1.0","57.35","-1.0"
"101","2004","7","Maharashtra","Jalgaon","-1.0","-1.0","51.52","-1.0"
"101","2005","7","Maharashtra","Jalgaon","-1.0","-1.0","53.0","-1.0"
"101","2006","7","Maharashtra","Jalgaon","-1.0","-1.0","54.17","-1.0"
"101","2007","7","Maharashtra","Jalgaon","-1.0","-1.0","66.0","-1.0"
"101","2008","7","Maharashtra","Jalgaon","-1.0","-1.0","-1.0","-1.0"
"101","2009","7","Maharashtra","Jalgaon","-1.0","-1.0","-1.0","-1.0"
"101","2017","7","Maharashtra","Jalgaon","300.0","150.0","261.0","150.0"
"102","1966","7","Maharashtra","Ahmednagar","3.0","2.0","2.3","2.0"
"102","1967","7","Maharashtra","Ahmednagar","2.5","2.5","2.6","2.5"
"102","1968","7","Maharashtra","Ahmednagar","2.6","2.0","2.7","2.0"
"102","1969","7","Maharashtra","Ahmednagar","2.9","2.5","2.9","2.5"
"102","1970","7","Maharashtra","Ahmednagar","2.9","2.0","3.1","2.0"
"102","1971","7","Maharashtra","Ahmednagar","2.9","2.0","3.2","2.0"
"102","1972","7","Maharashtra","Ahmednagar","2.9","-1.0","-1.0","-1.0"
"102","1973","7","Maharashtra","Ahmednagar","3.3","-1.0","-1.0","-1.0"
"102","1974","7","Maharashtra","Ahmednagar","3.6","-1.0","-1.0","-1.0"
"102","1975","7","Maharashtra","Ahmednagar","3.7","-1.0","-1.0","-1.0"
"102","1976","7","Maharashtra","Ahmednagar","3.8","-1.0","-1.0","-1.0"
"102","1977","7","Maharashtra","Ahmednagar","4.0","-1.0","-1.0","-1.0"
"102","1978","7","Maharashtra","Ahmednagar","4.2","-1.0","-1.0","-1.0"
"102","1979","7","Maharashtra","Ahmednagar","5.1","-1.0","-1.0","-1.0"
"102","1980","7","Maharashtra","Ahmednagar","5.6","-1.0","-1.0","-1.0"
"102","1981","7","Maharashtra","Ahmednagar","6.0","-1.0","5.79","-1.0"
"102","1982","7","Maharashtra","Ahmednagar","6.5","-1.0","-1.0","-1.0"
"102","1983","7","Maharashtra","Ahmednagar","7.8","-1.0","7.81","-1.0"
"102","1984","7","Maharashtra","Ahmednagar","-1.0","-1.0","10.66","-1.0"
"102","1985","7","Maharashtra","Ahmednagar","-1.0","-1.0","11.36","-1.0"
"102","1986","7","Maharashtra","Ahmednagar","-1.0","-1.0","11.0","-1.0"
"102","1987","7","Maharashtra","Ahmednagar","-1.0","-1.0","12.0","-1.0"
"102","1988","7","Maharashtra","Ahmednagar","-1.0","-1.0","13.4","-1.0"
"102","1989","7","Maharashtra","Ahmednagar","-1.0","-1.0","17.6","-1.0"
"102","1990","7","Maharashtra","Ahmednagar","-1.0","-1.0","20.1","-1.0"
"102","1991","7","Maharashtra","Ahmednagar","-1.0","-1.0","22.9","-1.0"
"102","1992","7","Maharashtra","Ahmednagar","20.0","18.0","23.8","18.0"
"102","1993","7","Maharashtra","Ahmednagar","25.0","20.0","28.87","20.0"
"102","1994","7","Maharashtra","Ahmednagar","38.66","-1.0","35.74","-1.0"
"102","1995","7","Maharashtra","Ahmednagar","39.94","-1.0","-1.0","-1.0"
"102","1996","7","Maharashtra","Ahmednagar","39.85","-1.0","-1.0","-1.0"
"102","1997","7","Maharashtra","Ahmednagar","46.22","30.0","45.38","30.0"
"102","1998","7","Maharashtra","Ahmednagar","50.06","46.1","32.21","46.1"
"102","1999","7","Maharashtra","Ahmednagar","52.51","40.46","50.11","40.46"
"102","2000","7","Maharashtra","Ahmednagar","52.97","41.6","51.25","41.6"
"102","2001","7","Maharashtra","Ahmednagar","55.33","45.25","53.61","45.25"
"102","2002","7","Maharashtra","Ahmednagar","-1.0","-1.0","-1.0","-1.0"
"102","2003","7","Maharashtra","Ahmednagar","30.0","20.0","57.35","20.0"
"102","2004","7","Maharashtra","Ahmednagar","60.0","40.0","51.52","40.0"
"102","2005","7","Maharashtra","Ahmednagar","60.0","40.0","53.0","40.0"
"102","2006","7","Maharashtra","Ahmednagar","-1.0","-1.0","54.17","-1.0"
"102","2007","7","Maharashtra","Ahmednagar","-1.0","-1.0","66.0","-1.0"
"102","2008","7","Maharashtra","Ahmednagar","-1.0","-1.0","-1.0","-1.0"
"102","2009","7","Maharashtra","Ahmednagar","-1.0","-1.0","-1.0","-1.0"
"103","1966","7","Maharashtra","Pune","3.0","-1.0","2.3","-1.0"
"103","1967","7","Maharashtra","Pune","2.5","-1.0","2.6","-1.0"
"103","1968","7","Maharashtra","Pune","2.6","-1.0","2.7","-1.0"
"103","1969","7","Maharashtra","Pune","2.9","2.5","2.9","2.5"
"103","1970","7","Maharashtra","Pune","2.9","2.5","3.1","2.5"
"103","1971","7","Maharashtra","Pune","2.9","3.5","3.2","3.5"
"103","1972","7","Maharashtra","Pune","2.9","-1.0","-1.0","-1.0"
"103","1973","7","Maharashtra","Pune","3.3","-1.0","-1.0","-1.0"
"103","1974","7","Maharashtra","Pune","3.6","-1.0","-1.0","-1.0"
"103","1975","7","Maharashtra","Pune","3.7","-1.0","-1.0","-1.0"
"103","1976","7","Maharashtra","Pune","3.8","-1.0","-1.0","-1.0"
"103","1977","7","Maharashtra","Pune","4.0","-1.0","-1.0","-1.0"
"103","1978","7","Maharashtra","Pune","4.2","-1.0","-1.0","-1.0"
"103","1979","7","Maharashtra","Pune","5.1","-1.0","-1.0","-1.0"
"103","1980","7","Maharashtra","Pune","5.6","-1.0","-1.0","-1.0"
"103","1981","7","Maharashtra","Pune","6.0","-1.0","5.79","-1.0"
"103","1982","7","Maharashtra","Pune","6.5","-1.0","-1.0","-1.0"
"103","1983","7","Maharashtra","Pune","7.8","-1.0","7.81","-1.0"
"103","1984","7","Maharashtra","Pune","-1.0","-1.0","10.66","-1.0"
"103","1985","7","Maharashtra","Pune","-1.0","-1.0","11.36","-1.0"
"103","1986","7","Maharashtra","Pune","-1.0","-1.0","11.0","-1.0"
"103","1987","7","Maharashtra","Pune","-1.0","-1.0","12.0","-1.0"
"103","1988","7","Maharashtra","Pune","-1.0","-1.0","13.4","-1.0"
"103","1989","7","Maharashtra","Pune","-1.0","-1.0","17.6","-1.0"
"103","1990","7","Maharashtra","Pune","-1.0","-1.0","20.1","-1.0"
"103","1991","7","Maharashtra","Pune","-1.0","-1.0","22.9","-1.0"
"103","1992","7","Maharashtra","Pune","-1.0","-1.0","23.8","-1.0"
"103","1993","7","Maharashtra","Pune","30.83","-1.0","28.87","-1.0"
"103","1994","7","Maharashtra","Pune","35.98","-1.0","35.74","-1.0"
"103","1995","7","Maharashtra","Pune","39.66","-1.0","-1.0","-1.0"
"103","1996","7","Maharashtra","Pune","38.03","-1.0","-1.0","-1.0"
"103","1997","7","Maharashtra","Pune","40.6","-1.0","45.38","-1.0"
"103","1998","7","Maharashtra","Pune","48.62","-1.0","32.21","-1.0"
"103","1999","7","Maharashtra","Pune","58.76","42.28","50.11","42.28"
"103","2000","7","Maharashtra","Pune","59.63","43.2","51.25","43.2"
"103","2001","7","Maharashtra","Pune","60.92","46.88","53.61","46.88"
"103","2002","7","Maharashtra","Pune","-1.0","-1.0","-1.0","-1.0"
"103","2003","7","Maharashtra","Pune","-1.0","-1.0","57.35","-1.0"
"103","2004","7","Maharashtra","Pune","-1.0","-1.0","51.52","-1.0"
"103","2005","7","Maharashtra","Pune","-1.0","-1.0","53.0","-1.0"
"103","2006","7","Maharashtra","Pune","-1.0","-1.0","54.17","-1.0"
"103","2007","7","Maharashtra","Pune","66.0","66.0","66.0","66.0"
"103","2008","7","Maharashtra","Pune","-1.0","-1.0","-1.0","-1.0"
"103","2009","7","Maharashtra","Pune","-1.0","-1.0","-1.0","-1.0"
"104","1966","7","Maharashtra","Satara","2.3","-1.0","2.3","-1.0"
"104","1967","7","Maharashtra","Satara","1.9","2.0","2.6","2.0"
"104","1968","7","Maharashtra","Satara","2.0","2.0","2.7","2.0"
"104","1969","7","Maharashtra","Satara","2.2","2.5","2.9","2.5"
"104","1970","7","Maharashtra","Satara","2.3","3.0","3.1","3.0"
"104","1971","7","Maharashtra","Satara","2.2","3.0","3.2","3.0"
"104","1972","7","Maharashtra","Satara","2.3","-1.0","-1.0","-1.0"
"104","1973","7","Maharashtra","Satara","2.5","-1.0","-1.0","-1.0"
"104","1974","7","Maharashtra","Satara","2.8","-1.0","-1.0","-1.0"
"104","1975","7","Maharashtra","Satara","2.9","-1.0","-1.0","-1.0"
"104","1976","7","Maharashtra","Satara","2.9","-1.0","-1.0","-1.0"
"104","1977","7","Maharashtra","Satara","3.0","-1.0","-1.0","-1.0"
"104","1978","7","Maharashtra","Satara","3.2","-1.0","-1.0","-1.0"
"104","1979","7","Maharashtra","Satara","3.9","-1.0","-1.0","-1.0"
"104","1980","7","Maharashtra","Satara","4.3","-1.0","-1.0","-1.0"
"104","1981","7","Maharashtra","Satara","4.6","-1.0","5.79","-1.0"
"104","1982","7","Maharashtra","Satara","5.0","-1.0","-1.0","-1.0"
"104","1983","7","Maharashtra","Satara","5.0","-1.0","7.81","-1.0"
"104","1984","7","Maharashtra","Satara","-1.0","-1.0","10.66","-1.0"
"104","1985","7","Maharashtra","Satara","-1.0","-1.0","11.36","-1.0"
"104","1986","7","Maharashtra","Satara","-1.0","-1.0","11.0","-1.0"
"104","1987","7","Maharashtra","Satara","-1.0","-1.0","12.0","-1.0"
"104","1988","7","Maharashtra","Satara","-1.0","-1.0","13.4","-1.0"
"104","1989","7","Maharashtra","Satara","-1.0","-1.0","17.6","-1.0"
"104","1990","7","Maharashtra","Satara","15.7","-1.0","20.1","-1.0"
"104","1991","7","Maharashtra","Satara","20.0","20.0","22.9","20.0"
"104","1992","7","Maharashtra","Satara","20.0","18.0","23.8","18.0"
"104","1993","7","Maharashtra","Satara","20.0","12.0","28.87","12.0"
"104","1994","7","Maharashtra","Satara","20.0","20.0","35.74","20.0"
"104","1995","7","Maharashtra","Satara","32.54","-1.0","-1.0","-1.0"
"104","1996","7","Maharashtra","Satara","33.68","-1.0","-1.0","-1.0"
"104","1997","7","Maharashtra","Satara","40.0","20.0","45.38","20.0"
"104","1998","7","Maharashtra","Satara","48.37","46.1","32.21","46.1"
"104","1999","7","Maharashtra","Satara","51.21","37.69","50.11","37.69"
"104","2000","7","Maharashtra","Satara","47.14","38.27","51.25","38.27"
"104","2001","7","Maharashtra","Satara","55.92","45.98","53.61","45.98"
"104","2002","7","Maharashtra","Satara","-1.0","-1.0","-1.0","-1.0"
"104","2003","7","Maharashtra","Satara","45.0","45.0","57.35","45.0"
"104","2004","7","Maharashtra","Satara","45.0","45.0","51.52","45.0"
"104","2005","7","Maharashtra","Satara","45.0","45.0","53.0","45.0"
"104","2006","7","Maharashtra","Satara","45.0","45.0","54.17","45.0"
"104","2007","7","Maharashtra","Satara","-1.0","-1.0","66.0","-1.0"
"104","2008","7","Maharashtra","Satara","-1.0","-1.0","-1.0","-1.0"
"104","2009","7","Maharashtra","Satara","-1.0","-1.0","-1.0","-1.0"
"105","1966","7","Maharashtra","Sangli","3.0","1.5","2.3","1.5"
"105","1967","7","Maharashtra","Sangli","2.5","1.5","2.6","1.5"
"105","1968","7","Maharashtra","Sangli","2.6","3.0","2.7","3.0"
"105","1969","7","Maharashtra","Sangli","2.9","2.5","2.9","2.5"
"105","1970","7","Maharashtra","Sangli","2.9","2.5","3.1","2.5"
"105","1971","7","Maharashtra","Sangli","2.9","4.0","3.2","4.0"
"105","1972","7","Maharashtra","Sangli","2.9","-1.0","-1.0","-1.0"
"105","1973","7","Maharashtra","Sangli","3.3","-1.0","-1.0","-1.0"
"105","1974","7","Maharashtra","Sangli","3.6","-1.0","-1.0","-1.0"
"105","1975","7","Maharashtra","Sangli","3.7","-1.0","-1.0","-1.0"
"105","1976","7","Maharashtra","Sangli","3.8","-1.0","-1.0","-1.0"
"105","1977","7","Maharashtra","Sangli","4.0","-1.0","-1.0","-1.0"
"105","1978","7","Maharashtra","Sangli","4.2","-1.0","-1.0","-1.0"
"105","1979","7","Maharashtra","Sangli","5.1","-1.0","-1.0","-1.0"
"105","1980","7","Maharashtra","Sangli","5.6","-1.0","-1.0","-1.0"
"105","1981","7","Maharashtra","Sangli","6.0","3.0","5.79","3.0"
"105","1982","7","Maharashtra","Sangli","6.5","-1.0","-1.0","-1.0"
"105","1983","7","Maharashtra","Sangli","7.8","3.0","7.81","3.0"
"105","1984","7","Maharashtra","Sangli","-1.0","-1.0","10.66","-1.0"
"105","1985","7","Maharashtra","Sangli","-1.0","-1.0","11.36","-1.0"
"105","1986","7","Maharashtra","Sangli","-1.0","-1.0","11.0","-1.0"
"105","1987","7","Maharashtra","Sangli","-1.0","-1.0","12.0","-1.0"
"105","1988","7","Maharashtra","Sangli","-1.0","-1.0","13.4","-1.0"
"105","1989","7","Maharashtra","Sangli","12.0","6.0","17.6","6.0"
"105","1990","7","Maharashtra","Sangli","12.0","6.0","20.1","6.0"
"105","1991","7","Maharashtra","Sangli","-1.0","-1.0","22.9","-1.0"
"105","1992","7","Maharashtra","Sangli","15.0","8.0","23.8","8.0"
"105","1993","7","Maharashtra","Sangli","30.0","20.0","28.87","20.0"
"105","1994","7","Maharashtra","Sangli","30.0","20.0","35.74","20.0"
"105","1995","7","Maharashtra","Sangli","25.7","-1.0","-1.0","-1.0"
"105","1996","7","Maharashtra","Sangli","27.45","-1.0","-1.0","-1.0"
"105","1997","7","Maharashtra","Sangli","31.27","30.6","45.38","30.6"
"105","1998","7","Maharashtra","Sangli","47.54","-1.0","32.21","-1.0"
"105","1999","7","Maharashtra","Sangli","55.45","42.32","50.11","42.32"
"105","2000","7","Maharashtra","Sangli","51.55","38.14","51.25","38.14"
"105","2001","7","Maharashtra","Sangli","57.98","46.92","53.61","46.92"
"105","2002","7","Maharashtra","Sangli","-1.0","-1.0","-1.0","-1.0"
"105","2003","7","Maharashtra","Sangli","-1.0","-1.0","57.35","-1.0"
"105","2004","7","Maharashtra","Sangli","-1.0","-1.0","51.52","-1.0"
"105","2005","7","Maharashtra","Sangli","-1.0","-1.0","53.0","-1.0"
"105","2006","7","Maharashtra","Sangli","-1.0","-1.0","54.17","-1.0"
"105","2007","7","Maharashtra","Sangli","-1.0","-1.0","66.0","-1.0"
"105","2008","7","Maharashtra","Sangli","-1.0","-1.0","-1.0","-1.0"
"105","2009","7","Maharashtra","Sangli","-1.0","-1.0","-1.0","-1.0"
"106","1966","7","Maharashtra","Solapur","3.0","0.75","2.3","0.75"
"106","1967","7","Maharashtra","Solapur","2.5","2.0","2.6","2.0"
"106","1968","7","Maharashtra","Solapur","2.6","2.0","2.7","2.0"
"106","1969","7","Maharashtra","Solapur","2.9","2.0","2.9","2.0"
"106","1970","7","Maharashtra","Solapur","2.9","2.75","3.1","2.75"
"106","1971","7","Maharashtra","Solapur","2.9","1.0","3.2","1.0"
"106","1972","7","Maharashtra","Solapur","2.9","-1.0","-1.0","-1.0"
"106","1973","7","Maharashtra","Solapur","3.3","-1.0","-1.0","-1.0"
"106","1974","7","Maharashtra","Solapur","3.6","-1.0","-1.0","-1.0"
"106","1975","7","Maharashtra","Solapur","3.7","-1.0","-1.0","-1.0"
"106","1976","7","Maharashtra","Solapur","3.8","-1.0","-1.0","-1.0"
"106","1977","7","Maharashtra","Solapur","4.0","-1.0","-1.0","-1.0"
"106","1978","7","Maharashtra","Solapur","4.2","-1.0","-1.0","-1.0"
"106","1979","7","Maharashtra","Solapur","5.1","-1.0","-1.0","-1.0"
"106","1980","7","Maharashtra","Solapur","5.6","-1.0","-1.0","-1.0"
"106","1981","7","Maharashtra","Solapur","6.0","3.5","5.79","3.5"
"106","1982","7","Maharashtra","Solapur","6.5","-1.0","-1.0","-1.0"
"106","1983","7","Maharashtra","Solapur","7.8","-1.0","7.81","-1.0"
"106","1984","7","Maharashtra","Solapur","-1.0","-1.0","10.66","-1.0"
"106","1985","7","Maharashtra","Solapur","-1.0","-1.0","11.36","-1.0"
"106","1986","7","Maharashtra","Solapur","-1.0","-1.0","11.0","-1.0"
"106","1987","7","Maharashtra","Solapur","-1.0","-1.0","12.0","-1.0"
"106","1988","7","Maharashtra","Solapur","-1.0","-1.0","13.4","-1.0"
"106","1989","7","Maharashtra","Solapur","-1.0","-1.0","17.6","-1.0"
"106","1990","7","Maharashtra","Solapur","18.0","-1.0","20.1","-1.0"
"106","1991","7","Maharashtra","Solapur","21.6","20.0","22.9","20.0"
"106","1992","7","Maharashtra","Solapur","26.25","20.0","23.8","20.0"
"106","1993","7","Maharashtra","Solapur","35.0","25.0","28.87","25.0"
"106","1994","7","Maharashtra","Solapur","35.0","30.0","35.74","30.0"
"106","1995","7","Maharashtra","Solapur","37.46","-1.0","-1.0","-1.0"
"106","1996","7","Maharashtra","Solapur","39.1","-1.0","-1.0","-1.0"
"106","1997","7","Maharashtra","Solapur","39.74","30.0","45.38","30.0"
"106","1998","7","Maharashtra","Solapur","42.09","-1.0","32.21","-1.0"
"106","1999","7","Maharashtra","Solapur","44.69","35.87","50.11","35.87"
"106","2000","7","Maharashtra","Solapur","56.99","46.08","51.25","46.08"
"106","2001","7","Maharashtra","Solapur","50.32","42.48","53.61","42.48"
"106","2002","7","Maharashtra","Solapur","-1.0","-1.0","-1.0","-1.0"
"106","2003","7","Maharashtra","Solapur","-1.0","-1.0","57.35","-1.0"
"106","2004","7","Maharashtra","Solapur","-1.0","-1.0","51.52","-1.0"
"106","2005","7","Maharashtra","Solapur","-1.0","-1.0","53.0","-1.0"
"106","2006","7","Maharashtra","Solapur","-1.0","-1.0","54.17","-1.0"
"106","2007","7","Maharashtra","Solapur","-1.0","-1.0","66.0","-1.0"
"106","2008","7","Maharashtra","Solapur","-1.0","-1.0","-1.0","-1.0"
"106","2009","7","Maharashtra","Solapur","-1.0","-1.0","-1.0","-1.0"
"107","1966","7","Maharashtra","Kolhapur","2.9","-1.0","2.3","-1.0"
"107","1967","7","Maharashtra","Kolhapur","2.4","1.0","2.6","1.0"
"107","1968","7","Maharashtra","Kolhapur","2.5","1.0","2.7","1.0"
"107","1969","7","Maharashtra","Kolhapur","2.8","2.0","2.9","2.0"
"107","1970","7","Maharashtra","Kolhapur","2.8","2.5","3.1","2.5"
"107","1971","7","Maharashtra","Kolhapur","2.8","2.5","3.2","2.5"
"107","1972","7","Maharashtra","Kolhapur","2.8","-1.0","-1.0","-1.0"
"107","1973","7","Maharashtra","Kolhapur","3.1","-1.0","-1.0","-1.0"
"107","1974","7","Maharashtra","Kolhapur","3.5","-1.0","-1.0","-1.0"
"107","1975","7","Maharashtra","Kolhapur","3.6","-1.0","-1.0","-1.0"
"107","1976","7","Maharashtra","Kolhapur","3.7","-1.0","-1.0","-1.0"
"107","1977","7","Maharashtra","Kolhapur","3.8","-1.0","-1.0","-1.0"
"107","1978","7","Maharashtra","Kolhapur","4.0","-1.0","-1.0","-1.0"
"107","1979","7","Maharashtra","Kolhapur","4.9","-1.0","-1.0","-1.0"
"107","1980","7","Maharashtra","Kolhapur","5.3","-1.0","-1.0","-1.0"
"107","1981","7","Maharashtra","Kolhapur","5.8","-1.0","5.79","-1.0"
"107","1982","7","Maharashtra","Kolhapur","6.3","-1.0","-1.0","-1.0"
"107","1983","7","Maharashtra","Kolhapur","7.5","7.0","7.81","7.0"
"107","1984","7","Maharashtra","Kolhapur","10.0","7.0","10.66","7.0"
"107","1985","7","Maharashtra","Kolhapur","10.0","10.0","11.36","10.0"
"107","1986","7","Maharashtra","Kolhapur","-1.0","-1.0","11.0","-1.0"
"107","1987","7","Maharashtra","Kolhapur","-1.0","-1.0","12.0","-1.0"
"107","1988","7","Maharashtra","Kolhapur","-1.0","-1.0","13.4","-1.0"
"107","1989","7","Maharashtra","Kolhapur","10.0","-1.0","17.6","-1.0"
"107","1990","7","Maharashtra","Kolhapur","10.0","-1.0","20.1","-1.0"
"107","1991","7","Maharashtra","Kolhapur","30.0","20.0","22.9","20.0"
"107","1992","7","Maharashtra","Kolhapur","15.0","15.0","23.8","15.0"
"107","1993","7","Maharashtra","Kolhapur","28.87","21.9","28.87","21.9"
"107","1994","7","Maharashtra","Kolhapur","29.79","-1.0","35.74","-1.0"
"107","1995","7","Maharashtra","Kolhapur","34.87","-1.0","-1.0","-1.0"
"107","1996","7","Maharashtra","Kolhapur","24.55","-1.0","-1.0","-1.0"
"107","1997","7","Maharashtra","Kolhapur","26.01","-1.0","45.38","-1.0"
"107","1998","7","Maharashtra","Kolhapur","41.03","-1.0","32.21","-1.0"
"107","1999","7","Maharashtra","Kolhapur","52.07","40.66","50.11","40.66"
"107","2000","7","Maharashtra","Kolhapur","57.37","46.09","51.25","46.09"
"107","2001","7","Maharashtra","Kolhapur","59.04","47.17","53.61","47.17"
"107","2002","7","Maharashtra","Kolhapur","-1.0","-1.0","-1.0","-1.0"
"107","2003","7","Maharashtra","Kolhapur","-1.0","-1.0","57.35","-1.0"
"107","2004","7","Maharashtra","Kolhapur","-1.0","-1.0","51.52","-1.0"
"107","2005","7","Maharashtra","Kolhapur","-1.0","-1.0","53.0","-1.0"
"107","2006","7","Maharashtra","Kolhapur","-1.0","-1.0","54.17","-1.0"
"107","2007","7","Maharashtra","Kolhapur","-1.0","-1.0","66.0","-1.0"
"107","2008","7","Maharashtra","Kolhapur","-1.0","-1.0","-1.0","-1.0"
"107","2009","7","Maharashtra","Kolhapur","-1.0","-1.0","-1.0","-1.0"
"108","1966","7","Maharashtra","Aurangabad","3.0","-1.0","2.3","-1.0"
"108","1967","7","Maharashtra","Aurangabad","2.5","-1.0","2.6","-1.0"
"108","1968","7","Maharashtra","Aurangabad","2.6","2.5","2.7","2.5"
"108","1969","7","Maharashtra","Aurangabad","2.9","2.0","2.9","2.0"
"108","1970","7","Maharashtra","Aurangabad","2.9","-1.0","3.1","-1.0"
"108","1971","7","Maharashtra","Aurangabad","2.9","-1.0","3.2","-1.0"
"108","1972","7","Maharashtra","Aurangabad","2.9","-1.0","-1.0","-1.0"
"108","1973","7","Maharashtra","Aurangabad","3.3","-1.0","-1.0","-1.0"
"108","1974","7","Maharashtra","Aurangabad","3.6","-1.0","-1.0","-1.0"
"108","1975","7","Maharashtra","Aurangabad","3.7","-1.0","-1.0","-1.0"
"108","1976","7","Maharashtra","Aurangabad","3.8","-1.0","-1.0","-1.0"
"108","1977","7","Maharashtra","Aurangabad","4.0","-1.0","-1.0","-1.0"
"108","1978","7","Maharashtra","Aurangabad","4.2","-1.0","-1.0","-1.0"
"108","1979","7","Maharashtra","Aurangabad","5.1","-1.0","-1.0","-1.0"
"108","1980","7","Maharashtra","Aurangabad","5.6","-1.0","-1.0","-1.0"
"108","1981","7","Maharashtra","Aurangabad","6.0","-1.0","5.79","-1.0"
"108","1982","7","Maharashtra","Aurangabad","6.5","-1.0","-1.0","-1.0"
"108","1983","7","Maharashtra","Aurangabad","7.8","-1.0","7.81","-1.0"
"108","1984","7","Maharashtra","Aurangabad","-1.0","-1.0","10.66","-1.0"
"108","1985","7","Maharashtra","Aurangabad","-1.0","-1.0","11.36","-1.0"
"108","1986","7","Maharashtra","Aurangabad","-1.0","-1.0","11.0","-1.0"
"108","1987","7","Maharashtra","Aurangabad","-1.0","-1.0","12.0","-1.0"
"108","1988","7","Maharashtra","Aurangabad","-1.0","-1.0","13.4","-1.0"
"108","1989","7","Maharashtra","Aurangabad","-1.0","-1.0","17.6","-1.0"
"108","1990","7","Maharashtra","Aurangabad","-1.0","-1.0","20.1","-1.0"
"108","1991","7","Maharashtra","Aurangabad","-1.0","-1.0","22.9","-1.0"
"108","1992","7","Maharashtra","Aurangabad","-1.0","-1.0","23.8","-1.0"
"108","1993","7","Maharashtra","Aurangabad","24.71","-1.0","28.87","-1.0"
"108","1994","7","Maharashtra","Aurangabad","25.4","-1.0","35.74","-1.0"
"108","1995","7","Maharashtra","Aurangabad","29.37","-1.0","-1.0","-1.0"
"108","1996","7","Maharashtra","Aurangabad","31.25","-1.0","-1.0","-1.0"
"108","1997","7","Maharashtra","Aurangabad","32.15","-1.0","45.38","-1.0"
"108","1998","7","Maharashtra","Aurangabad","38.0","-1.0","32.21","-1.0"
"108","1999","7","Maharashtra","Aurangabad","40.16","32.53","50.11","32.53"
"108","2000","7","Maharashtra","Aurangabad","42.37","33.92","51.25","33.92"
"108","2001","7","Maharashtra","Aurangabad","47.17","41.02","53.61","41.02"
"108","2002","7","Maharashtra","Aurangabad","-1.0","-1.0","-1.0","-1.0"
"108","2003","7","Maharashtra","Aurangabad","-1.0","-1.0","57.35","-1.0"
"108","2004","7","Maharashtra","Aurangabad","-1.0","-1.0","51.52","-1.0"
"108","2005","7","Maharashtra","Aurangabad","-1.0","-1.0","53.0","-1.0"
"108","2006","7","Maharashtra","Aurangabad","-1.0","-1.0","54.17","-1.0"
"108","2007","7","Maharashtra","Aurangabad","-1.0","-1.0","66.0","-1.0"
"108","2008","7","Maharashtra","Aurangabad","-1.0","-1.0","-1.0","-1.0"
"108","2009","7","Maharashtra","Aurangabad","-1.0","-1.0","-1.0","-1.0"
"109","1966","7","Maharashtra","Parbhani","3.0","0.75","2.3","0.75"
"109","1967","7","Maharashtra","Parbhani","2.5","1.25","2.6","1.25"
"109","1968","7","Maharashtra","Parbhani","2.6","1.75","2.7","1.75"
"109","1969","7","Maharashtra","Parbhani","2.9","1.5","2.9","1.5"
"109","1970","7","Maharashtra","Parbhani","2.9","1.75","3.1","1.75"
"109","1971","7","Maharashtra","Parbhani","2.9","1.5","3.2","1.5"
"109","1972","7","Maharashtra","Parbhani","2.9","-1.0","-1.0","-1.0"
"109","1973","7","Maharashtra","Parbhani","3.3","-1.0","-1.0","-1.0"
"109","1974","7","Maharashtra","Parbhani","3.6","-1.0","-1.0","-1.0"
"109","1975","7","Maharashtra","Parbhani","3.7","-1.0","-1.0","-1.0"
"109","1976","7","Maharashtra","Parbhani","3.8","-1.0","-1.0","-1.0"
"109","1977","7","Maharashtra","Parbhani","4.0","-1.0","-1.0","-1.0"
"109","1978","7","Maharashtra","Parbhani","4.2","-1.0","-1.0","-1.0"
"109","1979","7","Maharashtra","Parbhani","5.1","-1.0","-1.0","-1.0"
"109","1980","7","Maharashtra","Parbhani","5.6","-1.0","-1.0","-1.0"
"109","1981","7","Maharashtra","Parbhani","6.0","4.0","5.79","4.0"
"109","1982","7","Maharashtra","Parbhani","6.5","-1.0","-1.0","-1.0"
"109","1983","7","Maharashtra","Parbhani","7.8","-1.0","7.81","-1.0"
"109","1984","7","Maharashtra","Parbhani","-1.0","-1.0","10.66","-1.0"
"109","1985","7","Maharashtra","Parbhani","-1.0","-1.0","11.36","-1.0"
"109","1986","7","Maharashtra","Parbhani","-1.0","-1.0","11.0","-1.0"
"109","1987","7","Maharashtra","Parbhani","-1.0","-1.0","12.0","-1.0"
"109","1988","7","Maharashtra","Parbhani","-1.0","-1.0","13.4","-1.0"
"109","1989","7","Maharashtra","Parbhani","-1.0","-1.0","17.6","-1.0"
"109","1990","7","Maharashtra","Parbhani","-1.0","-1.0","20.1","-1.0"
"109","1991","7","Maharashtra","Parbhani","-1.0","-1.0","22.9","-1.0"
"109","1992","7","Maharashtra","Parbhani","-1.0","-1.0","23.8","-1.0"
"109","1993","7","Maharashtra","Parbhani","21.9","-1.0","28.87","-1.0"
"109","1994","7","Maharashtra","Parbhani","31.97","-1.0","35.74","-1.0"
"109","1995","7","Maharashtra","Parbhani","37.16","-1.0","-1.0","-1.0"
"109","1996","7","Maharashtra","Parbhani","26.73","-1.0","-1.0","-1.0"
"109","1997","7","Maharashtra","Parbhani","52.41","-1.0","45.38","-1.0"
"109","1998","7","Maharashtra","Parbhani","41.94","-1.0","32.21","-1.0"
"109","1999","7","Maharashtra","Parbhani","53.56","39.34","50.11","39.34"
"109","2000","7","Maharashtra","Parbhani","51.95","45.05","51.25","45.05"
"109","2001","7","Maharashtra","Parbhani","55.1","43.65","53.61","43.65"
"109","2002","7","Maharashtra","Parbhani","-1.0","-1.0","-1.0","-1.0"
"109","2003","7","Maharashtra","Parbhani","-1.0","-1.0","57.35","-1.0"
"109","2004","7","Maharashtra","Parbhani","-1.0","-1.0","51.52","-1.0"
"109","2005","7","Maharashtra","Parbhani","-1.0","-1.0","53.0","-1.0"
"109","2006","7","Maharashtra","Parbhani","-1.0","-1.0","54.17","-1.0"
"109","2007","7","Maharashtra","Parbhani","-1.0","-1.0","66.0","-1.0"
"109","2008","7","Maharashtra","Parbhani","-1.0","-1.0","-1.0","-1.0"
"109","2009","7","Maharashtra","Parbhani","-1.0","-1.0","-1.0","-1.0"
"110","1966","7","Maharashtra","Beed","3.0","-1.0","2.3","-1.0"
"110","1967","7","Maharashtra","Beed","2.5","-1.0","2.6","-1.0"
"110","1968","7","Maharashtra","Beed","2.6","-1.0","2.7","-1.0"
"110","1969","7","Maharashtra","Beed","2.9","1.75","2.9","1.75"
"110","1970","7","Maharashtra","Beed","2.9","2.5","3.1","2.5"
"110","1971","7","Maharashtra","Beed","2.9","-1.0","3.2","-1.0"
"110","1972","7","Maharashtra","Beed","2.9","-1.0","-1.0","-1.0"
"110","1973","7","Maharashtra","Beed","3.3","-1.0","-1.0","-1.0"
"110","1974","7","Maharashtra","Beed","3.6","-1.0","-1.0","-1.0"
"110","1975","7","Maharashtra","Beed","3.7","-1.0","-1.0","-1.0"
"110","1976","7","Maharashtra","Beed","3.8","-1.0","-1.0","-1.0"
"110","1977","7","Maharashtra","Beed","4.0","-1.0","-1.0","-1.0"
"110","1978","7","Maharashtra","Beed","4.2","-1.0","-1.0","-1.0"
"110","1979","7","Maharashtra","Beed","5.1","-1.0","-1.0","-1.0"
"110","1980","7","Maharashtra","Beed","5.6","-1.0","-1.0","-1.0"
"110","1981","7","Maharashtra","Beed","6.0","-1.0","5.79","-1.0"
"110","1982","7","Maharashtra","Beed","6.5","-1.0","-1.0","-1.0"
"110","1983","7","Maharashtra","Beed","7.8","-1.0","7.81","-1.0"
"110","1984","7","Maharashtra","Beed","-1.0","-1.0","10.66","-1.0"
"110","1985","7","Maharashtra","Beed","-1.0","-1.0","11.36","-1.0"
"110","1986","7","Maharashtra","Beed","-1.0","-1.0","11.0","-1.0"
"110","1987","7","Maharashtra","Beed","-1.0","-1.0","12.0","-1.0"
"110","1988","7","Maharashtra","Beed","-1.0","-1.0","13.4","-1.0"
"110","1989","7","Maharashtra","Beed","-1.0","-1.0","17.6","-1.0"
"110","1990","7","Maharashtra","Beed","-1.0","-1.0","20.1","-1.0"
"110","1991","7","Maharashtra","Beed","-1.0","-1.0","22.9","-1.0"
"110","1992","7","Maharashtra","Beed","-1.0","-1.0","23.8","-1.0"
"110","1993","7","Maharashtra","Beed","23.89","-1.0","28.87","-1.0"
"110","1994","7","Maharashtra","Beed","30.5","-1.0","35.74","-1.0"
"110","1995","7","Maharashtra","Beed","51.13","-1.0","-1.0","-1.0"
"110","1996","7","Maharashtra","Beed","30.31","-1.0","-1.0","-1.0"
"110","1997","7","Maharashtra","Beed","53.92","-1.0","45.38","-1.0"
"110","1998","7","Maharashtra","Beed","47.77","-1.0","32.21","-1.0"
"110","1999","7","Maharashtra","Beed","49.67","42.26","50.11","42.26"
"110","2000","7","Maharashtra","Beed","44.12","37.67","51.25","37.67"
"110","2001","7","Maharashtra","Beed","52.71","46.0","53.61","46.0"
"110","2002","7","Maharashtra","Beed","-1.0","-1.0","-1.0","-1.0"
"110","2003","7","Maharashtra","Beed","-1.0","-1.0","57.35","-1.0"
"110","2004","7","Maharashtra","Beed","-1.0","-1.0","51.52","-1.0"
"110","2005","7","Maharashtra","Beed","-1.0","-1.0","53.0","-1.0"
"110","2006","7","Maharashtra","Beed","-1.0","-1.0","54.17","-1.0"
"110","2007","7","Maharashtra","Beed","-1.0","-1.0","66.0","-1.0"
"110","2008","7","Maharashtra","Beed","-1.0","-1.0","-1.0","-1.0"
"110","2009","7","Maharashtra","Beed","-1.0","-1.0","-1.0","-1.0"
"111","1966","7","Maharashtra","Nanded","3.0","2.0","2.3","2.0"
"111","1967","7","Maharashtra","Nanded","2.5","3.0","2.6","3.0"
"111","1968","7","Maharashtra","Nanded","2.6","1.75","2.7","1.75"
"111","1969","7","Maharashtra","Nanded","2.9","2.0","2.9","2.0"
"111","1970","7","Maharashtra","Nanded","2.9","-1.0","3.1","-1.0"
"111","1971","7","Maharashtra","Nanded","2.9","-1.0","3.2","-1.0"
"111","1972","7","Maharashtra","Nanded","2.9","-1.0","-1.0","-1.0"
"111","1973","7","Maharashtra","Nanded","3.3","-1.0","-1.0","-1.0"
"111","1974","7","Maharashtra","Nanded","3.6","-1.0","-1.0","-1.0"
"111","1975","7","Maharashtra","Nanded","3.7","-1.0","-1.0","-1.0"
"111","1976","7","Maharashtra","Nanded","3.8","-1.0","-1.0","-1.0"
"111","1977","7","Maharashtra","Nanded","4.0","-1.0","-1.0","-1.0"
"111","1978","7","Maharashtra","Nanded","4.2","-1.0","-1.0","-1.0"
"111","1979","7","Maharashtra","Nanded","5.1","-1.0","-1.0","-1.0"
"111","1980","7","Maharashtra","Nanded","5.6","-1.0","-1.0","-1.0"
"111","1981","7","Maharashtra","Nanded","6.0","-1.0","5.79","-1.0"
"111","1982","7","Maharashtra","Nanded","6.5","-1.0","-1.0","-1.0"
"111","1983","7","Maharashtra","Nanded","7.8","-1.0","7.81","-1.0"
"111","1984","7","Maharashtra","Nanded","-1.0","-1.0","10.66","-1.0"
"111","1985","7","Maharashtra","Nanded","-1.0","-1.0","11.36","-1.0"
"111","1986","7","Maharashtra","Nanded","-1.0","-1.0","11.0","-1.0"
"111","1987","7","Maharashtra","Nanded","-1.0","-1.0","12.0","-1.0"
"111","1988","7","Maharashtra","Nanded","-1.0","-1.0","13.4","-1.0"
"111","1989","7","Maharashtra","Nanded","-1.0","-1.0","17.6","-1.0"
"111","1990","7","Maharashtra","Nanded","-1.0","-1.0","20.1","-1.0"
"111","1991","7","Maharashtra","Nanded","-1.0","-1.0","22.9","-1.0"
"111","1992","7","Maharashtra","Nanded","-1.0","-1.0","23.8","-1.0"
"111","1993","7","Maharashtra","Nanded","29.23","-1.0","28.87","-1.0"
"111","1994","7","Maharashtra","Nanded","35.14","-1.0","35.74","-1.0"
"111","1995","7","Maharashtra","Nanded","36.37","-1.0","-1.0","-1.0"
"111","1996","7","Maharashtra","Nanded","43.18","-1.0","-1.0","-1.0"
"111","1997","7","Maharashtra","Nanded","39.7","-1.0","45.38","-1.0"
"111","1998","7","Maharashtra","Nanded","43.73","-1.0","32.21","-1.0"
"111","1999","7","Maharashtra","Nanded","45.13","35.59","50.11","35.59"
"111","2000","7","Maharashtra","Nanded","45.26","36.75","51.25","36.75"
"111","2001","7","Maharashtra","Nanded","48.69","42.6","53.61","42.6"
"111","2002","7","Maharashtra","Nanded","-1.0","-1.0","-1.0","-1.0"
"111","2003","7","Maharashtra","Nanded","-1.0","-1.0","57.35","-1.0"
"111","2004","7","Maharashtra","Nanded","-1.0","-1.0","51.52","-1.0"
"111","2005","7","Maharashtra","Nanded","-1.0","-1.0","53.0","-1.0"
"111","2006","7","Maharashtra","Nanded","-1.0","-1.0","54.17","-1.0"
"111","2007","7","Maharashtra","Nanded","-1.0","-1.0","66.0","-1.0"
"111","2008","7","Maharashtra","Nanded","-1.0","-1.0","-1.0","-1.0"
"111","2009","7","Maharashtra","Nanded","-1.0","-1.0","-1.0","-1.0"
"112","1966","7","Maharashtra","Osmanabad","3.0","0.75","2.3","0.75"
"112","1967","7","Maharashtra","Osmanabad","2.5","1.0","2.6","1.0"
"112","1968","7","Maharashtra","Osmanabad","2.6","1.5","2.7","1.5"
"112","1969","7","Maharashtra","Osmanabad","2.9","1.5","2.9","1.5"
"112","1970","7","Maharashtra","Osmanabad","2.9","1.5","3.1","1.5"
"112","1971","7","Maharashtra","Osmanabad","2.9","2.0","3.2","2.0"
"112","1972","7","Maharashtra","Osmanabad","2.9","-1.0","-1.0","-1.0"
"112","1973","7","Maharashtra","Osmanabad","3.3","-1.0","-1.0","-1.0"
"112","1974","7","Maharashtra","Osmanabad","3.6","-1.0","-1.0","-1.0"
"112","1975","7","Maharashtra","Osmanabad","3.7","-1.0","-1.0","-1.0"
"112","1976","7","Maharashtra","Osmanabad","3.8","-1.0","-1.0","-1.0"
"112","1977","7","Maharashtra","Osmanabad","4.0","-1.0","-1.0","-1.0"
"112","1978","7","Maharashtra","Osmanabad","4.2","-1.0","-1.0","-1.0"
"112","1979","7","Maharashtra","Osmanabad","5.1","-1.0","-1.0","-1.0"
"112","1980","7","Maharashtra","Osmanabad","5.6","-1.0","-1.0","-1.0"
"112","1981","7","Maharashtra","Osmanabad","6.0","-1.0","5.79","-1.0"
"112","1982","7","Maharashtra","Osmanabad","6.5","-1.0","-1.0","-1.0"
"112","1983","7","Maharashtra","Osmanabad","7.8","-1.0","7.81","-1.0"
"112","1984","7","Maharashtra","Osmanabad","12.0","10.0","10.66","10.0"
"112","1985","7","Maharashtra","Osmanabad","-1.0","-1.0","11.36","-1.0"
"112","1986","7","Maharashtra","Osmanabad","15.0","10.0","11.0","10.0"
"112","1987","7","Maharashtra","Osmanabad","16.0","10.0","-1.0","10.0"
"112","1988","7","Maharashtra","Osmanabad","20.0","10.0","13.4","10.0"
"112","1989","7","Maharashtra","Osmanabad","15.0","10.0","17.6","10.0"
"112","1990","7","Maharashtra","Osmanabad","18.3","10.0","20.1","10.0"
"112","1991","7","Maharashtra","Osmanabad","20.0","12.0","22.9","12.0"
"112","1992","7","Maharashtra","Osmanabad","20.0","15.0","23.8","15.0"
"112","1993","7","Maharashtra","Osmanabad","28.87","21.9","28.87","21.9"
"112","1994","7","Maharashtra","Osmanabad","33.01","-1.0","35.74","-1.0"
"112","1995","7","Maharashtra","Osmanabad","36.83","-1.0","-1.0","-1.0"
"112","1996","7","Maharashtra","Osmanabad","43.73","-1.0","-1.0","-1.0"
"112","1997","7","Maharashtra","Osmanabad","43.73","-1.0","45.38","-1.0"
"112","1998","7","Maharashtra","Osmanabad","38.19","-1.0","32.21","-1.0"
"112","1999","7","Maharashtra","Osmanabad","39.64","31.29","50.11","31.29"
"112","2000","7","Maharashtra","Osmanabad","53.99","39.91","51.25","39.91"
"112","2001","7","Maharashtra","Osmanabad","48.1","43.04","53.61","43.04"
"112","2002","7","Maharashtra","Osmanabad","-1.0","-1.0","-1.0","-1.0"
"112","2003","7","Maharashtra","Osmanabad","-1.0","-1.0","57.35","-1.0"
"112","2004","7","Maharashtra","Osmanabad","-1.0","-1.0","51.52","-1.0"
"112","2005","7","Maharashtra","Osmanabad","-1.0","-1.0","53.0","-1.0"
"112","2006","7","Maharashtra","Osmanabad","-1.0","-1.0","54.17","-1.0"
"112","2007","7","Maharashtra","Osmanabad","-1.0","-1.0","66.0","-1.0"
"112","2008","7","Maharashtra","Osmanabad","-1.0","-1.0","-1.0","-1.0"
"112","2009","7","Maharashtra","Osmanabad","-1.0","-1.0","-1.0","-1.0"
"113","1966","7","Maharashtra","Buldhana","3.0","1.25","2.3","1.25"
"113","1967","7","Maharashtra","Buldhana","2.5","1.0","2.6","1.0"
"113","1968","7","Maharashtra","Buldhana","2.6","0.75","2.7","0.75"
"113","1969","7","Maharashtra","Buldhana","2.9","2.5","2.9","2.5"
"113","1970","7","Maharashtra","Buldhana","2.9","-1.0","3.1","-1.0"
"113","1971","7","Maharashtra","Buldhana","2.9","2.5","3.2","2.5"
"113","1972","7","Maharashtra","Buldhana","2.9","-1.0","-1.0","-1.0"
"113","1973","7","Maharashtra","Buldhana","3.3","-1.0","-1.0","-1.0"
"113","1974","7","Maharashtra","Buldhana","3.6","-1.0","-1.0","-1.0"
"113","1975","7","Maharashtra","Buldhana","3.7","-1.0","-1.0","-1.0"
"113","1976","7","Maharashtra","Buldhana","3.8","-1.0","-1.0","-1.0"
"113","1977","7","Maharashtra","Buldhana","4.0","-1.0","-1.0","-1.0"
"113","1978","7","Maharashtra","Buldhana","4.2","-1.0","-1.0","-1.0"
"113","1979","7","Maharashtra","Buldhana","5.1","-1.0","-1.0","-1.0"
"113","1980","7","Maharashtra","Buldhana","5.6","-1.0","-1.0","-1.0"
"113","1981","7","Maharashtra","Buldhana","6.0","-1.0","5.79","-1.0"
"113","1982","7","Maharashtra","Buldhana","6.5","-1.0","-1.0","-1.0"
"113","1983","7","Maharashtra","Buldhana","7.8","-1.0","7.81","-1.0"
"113","1984","7","Maharashtra","Buldhana","-1.0","-1.0","10.66","-1.0"
"113","1985","7","Maharashtra","Buldhana","-1.0","-1.0","11.36","-1.0"
"113","1986","7","Maharashtra","Buldhana","-1.0","-1.0","11.0","-1.0"
"113","1987","7","Maharashtra","Buldhana","-1.0","-1.0","12.0","-1.0"
"113","1988","7","Maharashtra","Buldhana","-1.0","-1.0","13.4","-1.0"
"113","1989","7","Maharashtra","Buldhana","10.0","8.0","17.6","8.0"
"113","1990","7","Maharashtra","Buldhana","10.9","8.0","20.1","8.0"
"113","1991","7","Maharashtra","Buldhana","12.8","9.0","22.9","9.0"
"113","1992","7","Maharashtra","Buldhana","12.0","9.0","23.8","9.0"
"113","1993","7","Maharashtra","Buldhana","30.0","20.0","28.87","20.0"
"113","1994","7","Maharashtra","Buldhana","30.0","25.0","35.74","25.0"
"113","1995","7","Maharashtra","Buldhana","55.39","-1.0","-1.0","-1.0"
"113","1996","7","Maharashtra","Buldhana","53.69","-1.0","-1.0","-1.0"
"113","1997","7","Maharashtra","Buldhana","60.86","30.6","45.38","30.6"
"113","1998","7","Maharashtra","Buldhana","53.92","-1.0","32.21","-1.0"
"113","1999","7","Maharashtra","Buldhana","56.61","39.8","50.11","39.8"
"113","2000","7","Maharashtra","Buldhana","57.35","42.2","51.25","42.2"
"113","2001","7","Maharashtra","Buldhana","59.65","45.6","53.61","45.6"
"113","2002","7","Maharashtra","Buldhana","-1.0","-1.0","-1.0","-1.0"
"113","2003","7","Maharashtra","Buldhana","-1.0","-1.0","57.35","-1.0"
"113","2004","7","Maharashtra","Buldhana","-1.0","-1.0","51.52","-1.0"
"113","2005","7","Maharashtra","Buldhana","-1.0","-1.0","53.0","-1.0"
"113","2006","7","Maharashtra","Buldhana","-1.0","-1.0","54.17","-1.0"
"113","2007","7","Maharashtra","Buldhana","-1.0","-1.0","66.0","-1.0"
"113","2008","7","Maharashtra","Buldhana","-1.0","-1.0","-1.0","-1.0"
"113","2009","7","Maharashtra","Buldhana","-1.0","-1.0","-1.0","-1.0"
"114","1966","7","Maharashtra","Akola","2.8","-1.0","2.3","-1.0"
"114","1967","7","Maharashtra","Akola","2.3","1.5","2.6","1.5"
"114","1968","7","Maharashtra","Akola","2.4","1.0","2.7","1.0"
"114","1969","7","Maharashtra","Akola","2.6","2.0","2.9","2.0"
"114","1970","7","Maharashtra","Akola","2.7","1.0","3.1","1.0"
"114","1971","7","Maharashtra","Akola","2.7","1.5","3.2","1.5"
"114","1972","7","Maharashtra","Akola","2.7","-1.0","-1.0","-1.0"
"114","1973","7","Maharashtra","Akola","3.0","-1.0","-1.0","-1.0"
"114","1974","7","Maharashtra","Akola","3.3","-1.0","-1.0","-1.0"
"114","1975","7","Maharashtra","Akola","3.4","-1.0","-1.0","-1.0"
"114","1976","7","Maharashtra","Akola","3.5","-1.0","-1.0","-1.0"
"114","1977","7","Maharashtra","Akola","3.6","-1.0","-1.0","-1.0"
"114","1978","7","Maharashtra","Akola","3.9","-1.0","-1.0","-1.0"
"114","1979","7","Maharashtra","Akola","4.7","-1.0","-1.0","-1.0"
"114","1980","7","Maharashtra","Akola","5.1","-1.0","-1.0","-1.0"
"114","1981","7","Maharashtra","Akola","5.6","4.0","5.79","4.0"
"114","1982","7","Maharashtra","Akola","6.0","-1.0","-1.0","-1.0"
"114","1983","7","Maharashtra","Akola","8.0","4.0","7.81","4.0"
"114","1984","7","Maharashtra","Akola","10.0","8.0","10.66","8.0"
"114","1985","7","Maharashtra","Akola","8.0","5.0","11.36","5.0"
"114","1986","7","Maharashtra","Akola","-1.0","-1.0","11.0","-1.0"
"114","1987","7","Maharashtra","Akola","-1.0","-1.0","12.0","-1.0"
"114","1988","7","Maharashtra","Akola","9.3","-1.0","13.4","-1.0"
"114","1989","7","Maharashtra","Akola","8.0","-1.0","17.6","-1.0"
"114","1990","7","Maharashtra","Akola","15.5","-1.0","20.1","-1.0"
"114","1991","7","Maharashtra","Akola","19.4","15.0","22.9","15.0"
"114","1992","7","Maharashtra","Akola","20.0","20.0","23.8","20.0"
"114","1993","7","Maharashtra","Akola","25.0","20.0","28.87","20.0"
"114","1994","7","Maharashtra","Akola","30.0","25.0","35.74","25.0"
"114","1995","7","Maharashtra","Akola","40.13","-1.0","-1.0","-1.0"
"114","1996","7","Maharashtra","Akola","50.0","-1.0","-1.0","-1.0"
"114","1997","7","Maharashtra","Akola","50.0","40.0","45.38","40.0"
"114","1998","7","Maharashtra","Akola","47.45","46.1","32.21","46.1"
"114","1999","7","Maharashtra","Akola","53.28","36.17","50.11","36.17"
"114","2000","7","Maharashtra","Akola","53.15","38.4","51.25","38.4"
"114","2001","7","Maharashtra","Akola","57.54","45.08","53.61","45.08"
"114","2002","7","Maharashtra","Akola","-1.0","-1.0","-1.0","-1.0"
"114","2003","7","Maharashtra","Akola","-1.0","-1.0","57.35","-1.0"
"114","2004","7","Maharashtra","Akola","-1.0","-1.0","51.52","-1.0"
"114","2005","7","Maharashtra","Akola","-1.0","-1.0","53.0","-1.0"
"114","2006","7","Maharashtra","Akola","-1.0","-1.0","54.17","-1.0"
"114","2007","7","Maharashtra","Akola","-1.0","-1.0","66.0","-1.0"
"114","2008","7","Maharashtra","Akola","-1.0","-1.0","-1.0","-1.0"
"114","2009","7","Maharashtra","Akola","-1.0","-1.0","-1.0","-1.0"
"115","1966","7","Maharashtra","Amarawati","2.8","1.5","2.3","1.5"
"115","1967","7","Maharashtra","Amarawati","2.3","2.0","2.6","2.0"
"115","1968","7","Maharashtra","Amarawati","2.4","1.5","2.7","1.5"
"115","1969","7","Maharashtra","Amarawati","2.6","2.0","2.9","2.0"
"115","1970","7","Maharashtra","Amarawati","2.7","1.75","3.1","1.75"
"115","1971","7","Maharashtra","Amarawati","2.7","2.5","3.2","2.5"
"115","1972","7","Maharashtra","Amarawati","2.7","-1.0","-1.0","-1.0"
"115","1973","7","Maharashtra","Amarawati","3.0","-1.0","-1.0","-1.0"
"115","1974","7","Maharashtra","Amarawati","3.3","-1.0","-1.0","-1.0"
"115","1975","7","Maharashtra","Amarawati","3.4","-1.0","-1.0","-1.0"
"115","1976","7","Maharashtra","Amarawati","3.5","-1.0","-1.0","-1.0"
"115","1977","7","Maharashtra","Amarawati","3.6","-1.0","-1.0","-1.0"
"115","1978","7","Maharashtra","Amarawati","3.9","-1.0","-1.0","-1.0"
"115","1979","7","Maharashtra","Amarawati","4.7","-1.0","-1.0","-1.0"
"115","1980","7","Maharashtra","Amarawati","5.1","-1.0","-1.0","-1.0"
"115","1981","7","Maharashtra","Amarawati","5.6","-1.0","5.79","-1.0"
"115","1982","7","Maharashtra","Amarawati","6.0","-1.0","-1.0","-1.0"
"115","1983","7","Maharashtra","Amarawati","7.0","3.0","7.81","3.0"
"115","1984","7","Maharashtra","Amarawati","10.0","5.0","10.66","5.0"
"115","1985","7","Maharashtra","Amarawati","8.0","5.0","11.36","5.0"
"115","1986","7","Maharashtra","Amarawati","10.0","6.0","11.0","6.0"
"115","1987","7","Maharashtra","Amarawati","10.0","-1.0","-1.0","-1.0"
"115","1988","7","Maharashtra","Amarawati","8.0","-1.0","13.4","-1.0"
"115","1989","7","Maharashtra","Amarawati","15.0","8.0","17.6","8.0"
"115","1990","7","Maharashtra","Amarawati","20.0","-1.0","20.1","-1.0"
"115","1991","7","Maharashtra","Amarawati","20.0","10.0","22.9","10.0"
"115","1992","7","Maharashtra","Amarawati","-1.0","-1.0","23.8","-1.0"
"115","1993","7","Maharashtra","Amarawati","28.87","21.9","28.87","21.9"
"115","1994","7","Maharashtra","Amarawati","35.28","-1.0","35.74","-1.0"
"115","1995","7","Maharashtra","Amarawati","42.19","-1.0","-1.0","-1.0"
"115","1996","7","Maharashtra","Amarawati","44.47","-1.0","-1.0","-1.0"
"115","1997","7","Maharashtra","Amarawati","56.02","-1.0","45.38","-1.0"
"115","1998","7","Maharashtra","Amarawati","61.18","-1.0","32.21","-1.0"
"115","1999","7","Maharashtra","Amarawati","64.79","47.06","50.11","47.06"
"115","2000","7","Maharashtra","Amarawati","65.06","47.35","51.25","47.35"
"115","2001","7","Maharashtra","Amarawati","66.4","50.48","53.61","50.48"
"115","2002","7","Maharashtra","Amarawati","-1.0","-1.0","-1.0","-1.0"
"115","2003","7","Maharashtra","Amarawati","-1.0","-1.0","57.35","-1.0"
"115","2004","7","Maharashtra","Amarawati","-1.0","-1.0","51.52","-1.0"
"115","2005","7","Maharashtra","Amarawati","-1.0","-1.0","53.0","-1.0"
"115","2006","7","Maharashtra","Amarawati","-1.0","-1.0","54.17","-1.0"
"115","2007","7","Maharashtra","Amarawati","-1.0","-1.0","66.0","-1.0"
"115","2008","7","Maharashtra","Amarawati","-1.0","-1.0","-1.0","-1.0"
"115","2009","7","Maharashtra","Amarawati","-1.0","-1.0","-1.0","-1.0"
"116","1966","7","Maharashtra","Yeotmal","3.0","2.0","2.3","2.0"
"116","1967","7","Maharashtra","Yeotmal","2.5","1.0","2.6","1.0"
"116","1968","7","Maharashtra","Yeotmal","2.6","1.25","2.7","1.25"
"116","1969","7","Maharashtra","Yeotmal","2.9","1.5","2.9","1.5"
"116","1970","7","Maharashtra","Yeotmal","2.9","1.5","3.1","1.5"
"116","1971","7","Maharashtra","Yeotmal","2.9","2.0","3.2","2.0"
"116","1972","7","Maharashtra","Yeotmal","2.9","-1.0","-1.0","-1.0"
"116","1973","7","Maharashtra","Yeotmal","3.3","-1.0","-1.0","-1.0"
"116","1974","7","Maharashtra","Yeotmal","3.6","-1.0","-1.0","-1.0"
"116","1975","7","Maharashtra","Yeotmal","3.7","-1.0","-1.0","-1.0"
"116","1976","7","Maharashtra","Yeotmal","3.8","-1.0","-1.0","-1.0"
"116","1977","7","Maharashtra","Yeotmal","4.0","-1.0","-1.0","-1.0"
"116","1978","7","Maharashtra","Yeotmal","4.2","-1.0","-1.0","-1.0"
"116","1979","7","Maharashtra","Yeotmal","5.1","-1.0","-1.0","-1.0"
"116","1980","7","Maharashtra","Yeotmal","5.6","-1.0","-1.0","-1.0"
"116","1981","7","Maharashtra","Yeotmal","6.0","3.0","5.79","3.0"
"116","1982","7","Maharashtra","Yeotmal","6.5","-1.0","-1.0","-1.0"
"116","1983","7","Maharashtra","Yeotmal","7.8","-1.0","7.81","-1.0"
"116","1984","7","Maharashtra","Yeotmal","-1.0","-1.0","10.66","-1.0"
"116","1985","7","Maharashtra","Yeotmal","-1.0","-1.0","11.36","-1.0"
"116","1986","7","Maharashtra","Yeotmal","-1.0","-1.0","11.0","-1.0"
"116","1987","7","Maharashtra","Yeotmal","-1.0","-1.0","12.0","-1.0"
"116","1988","7","Maharashtra","Yeotmal","-1.0","-1.0","13.4","-1.0"
"116","1989","7","Maharashtra","Yeotmal","-1.0","-1.0","17.6","-1.0"
"116","1990","7","Maharashtra","Yeotmal","-1.0","-1.0","20.1","-1.0"
"116","1991","7","Maharashtra","Yeotmal","-1.0","-1.0","22.9","-1.0"
"116","1992","7","Maharashtra","Yeotmal","-1.0","-1.0","23.8","-1.0"
"116","1993","7","Maharashtra","Yeotmal","23.43","-1.0","28.87","-1.0"
"116","1994","7","Maharashtra","Yeotmal","28.05","-1.0","35.74","-1.0"
"116","1995","7","Maharashtra","Yeotmal","27.16","-1.0","-1.0","-1.0"
"116","1996","7","Maharashtra","Yeotmal","34.15","-1.0","-1.0","-1.0"
"116","1997","7","Maharashtra","Yeotmal","35.82","-1.0","45.38","-1.0"
"116","1998","7","Maharashtra","Yeotmal","54.53","-1.0","32.21","-1.0"
"116","1999","7","Maharashtra","Yeotmal","55.87","46.31","50.11","46.31"
"116","2000","7","Maharashtra","Yeotmal","56.28","47.45","51.25","47.45"
"116","2001","7","Maharashtra","Yeotmal","58.29","48.56","53.61","48.56"
"116","2002","7","Maharashtra","Yeotmal","-1.0","-1.0","-1.0","-1.0"
"116","2003","7","Maharashtra","Yeotmal","50.0","-1.0","57.35","-1.0"
"116","2004","7","Maharashtra","Yeotmal","50.0","45.0","51.52","45.0"
"116","2005","7","Maharashtra","Yeotmal","55.0","-1.0","53.0","-1.0"
"116","2006","7","Maharashtra","Yeotmal","-1.0","-1.0","54.17","-1.0"
"116","2007","7","Maharashtra","Yeotmal","-1.0","-1.0","66.0","-1.0"
"116","2008","7","Maharashtra","Yeotmal","-1.0","-1.0","-1.0","-1.0"
"116","2009","7","Maharashtra","Yeotmal","-1.0","-1.0","-1.0","-1.0"
"117","1966","7","Maharashtra","Wardha","3.7","1.38","2.3","1.38"
"117","1967","7","Maharashtra","Wardha","3.1","1.0","2.6","1.0"
"117","1968","7","Maharashtra","Wardha","3.2","1.37","2.7","1.37"
"117","1969","7","Maharashtra","Wardha","3.5","1.0","2.9","1.0"
"117","1970","7","Maharashtra","Wardha","3.6","2.0","3.1","2.0"
"117","1971","7","Maharashtra","Wardha","3.6","1.5","3.2","1.5"
"117","1972","7","Maharashtra","Wardha","3.6","-1.0","-1.0","-1.0"
"117","1973","7","Maharashtra","Wardha","4.0","-1.0","-1.0","-1.0"
"117","1974","7","Maharashtra","Wardha","4.4","-1.0","-1.0","-1.0"
"117","1975","7","Maharashtra","Wardha","4.6","-1.0","-1.0","-1.0"
"117","1976","7","Maharashtra","Wardha","4.7","-1.0","-1.0","-1.0"
"117","1977","7","Maharashtra","Wardha","4.9","-1.0","-1.0","-1.0"
"117","1978","7","Maharashtra","Wardha","5.2","-1.0","-1.0","-1.0"
"117","1979","7","Maharashtra","Wardha","6.3","-1.0","-1.0","-1.0"
"117","1980","7","Maharashtra","Wardha","6.8","-1.0","-1.0","-1.0"
"117","1981","7","Maharashtra","Wardha","7.4","5.0","5.79","5.0"
"117","1982","7","Maharashtra","Wardha","8.0","-1.0","-1.0","-1.0"
"117","1983","7","Maharashtra","Wardha","10.0","5.0","7.81","5.0"
"117","1984","7","Maharashtra","Wardha","-1.0","-1.0","10.66","-1.0"
"117","1985","7","Maharashtra","Wardha","-1.0","-1.0","11.36","-1.0"
"117","1986","7","Maharashtra","Wardha","-1.0","-1.0","11.0","-1.0"
"117","1987","7","Maharashtra","Wardha","10.0","-1.0","-1.0","-1.0"
"117","1988","7","Maharashtra","Wardha","12.1","-1.0","13.4","-1.0"
"117","1989","7","Maharashtra","Wardha","15.0","-1.0","17.6","-1.0"
"117","1990","7","Maharashtra","Wardha","48.8","-1.0","20.1","-1.0"
"117","1991","7","Maharashtra","Wardha","29.2","12.0","22.9","12.0"
"117","1992","7","Maharashtra","Wardha","25.0","15.0","23.8","15.0"
"117","1993","7","Maharashtra","Wardha","22.0","15.0","28.87","15.0"
"117","1994","7","Maharashtra","Wardha","22.0","15.0","35.74","15.0"
"117","1995","7","Maharashtra","Wardha","30.0","-1.0","-1.0","-1.0"
"117","1996","7","Maharashtra","Wardha","25.0","-1.0","-1.0","-1.0"
"117","1997","7","Maharashtra","Wardha","48.1","30.0","45.38","30.0"
"117","1998","7","Maharashtra","Wardha","50.88","-1.0","32.21","-1.0"
"117","1999","7","Maharashtra","Wardha","55.77","39.29","50.11","39.29"
"117","2000","7","Maharashtra","Wardha","56.15","39.79","51.25","39.79"
"117","2001","7","Maharashtra","Wardha","58.56","43.27","53.61","43.27"
"117","2002","7","Maharashtra","Wardha","-1.0","-1.0","-1.0","-1.0"
"117","2003","7","Maharashtra","Wardha","50.0","40.0","57.35","40.0"
"117","2004","7","Maharashtra","Wardha","60.0","40.0","51.52","40.0"
"117","2005","7","Maharashtra","Wardha","55.0","35.0","53.0","35.0"
"117","2006","7","Maharashtra","Wardha","63.33","50.0","54.17","50.0"
"117","2007","7","Maharashtra","Wardha","-1.0","-1.0","66.0","-1.0"
"117","2008","7","Maharashtra","Wardha","-1.0","-1.0","-1.0","-1.0"
"117","2009","7","Maharashtra","Wardha","-1.0","-1.0","-1.0","-1.0"
"118","1966","7","Maharashtra","Nagpur","4.1","1.5","2.3","1.5"
"118","1967","7","Maharashtra","Nagpur","3.5","1.5","2.6","1.5"
"118","1968","7","Maharashtra","Nagpur","3.6","2.0","2.7","2.0"
"118","1969","7","Maharashtra","Nagpur","4.0","2.0","2.9","2.0"
"118","1970","7","Maharashtra","Nagpur","4.1","2.0","3.1","2.0"
"118","1971","7","Maharashtra","Nagpur","4.0","1.5","3.2","1.5"
"118","1972","7","Maharashtra","Nagpur","4.0","-1.0","-1.0","-1.0"
"118","1973","7","Maharashtra","Nagpur","4.5","-1.0","-1.0","-1.0"
"118","1974","7","Maharashtra","Nagpur","5.0","-1.0","-1.0","-1.0"
"118","1975","7","Maharashtra","Nagpur","5.2","-1.0","-1.0","-1.0"
"118","1976","7","Maharashtra","Nagpur","5.3","-1.0","-1.0","-1.0"
"118","1977","7","Maharashtra","Nagpur","5.5","-1.0","-1.0","-1.0"
"118","1978","7","Maharashtra","Nagpur","5.8","-1.0","-1.0","-1.0"
"118","1979","7","Maharashtra","Nagpur","7.0","-1.0","-1.0","-1.0"
"118","1980","7","Maharashtra","Nagpur","7.7","-1.0","-1.0","-1.0"
"118","1981","7","Maharashtra","Nagpur","8.3","3.0","5.79","3.0"
"118","1982","7","Maharashtra","Nagpur","9.0","-1.0","-1.0","-1.0"
"118","1983","7","Maharashtra","Nagpur","10.0","5.0","7.81","5.0"
"118","1984","7","Maharashtra","Nagpur","10.0","9.0","10.66","9.0"
"118","1985","7","Maharashtra","Nagpur","12.0","7.0","11.36","7.0"
"118","1986","7","Maharashtra","Nagpur","15.0","10.0","11.0","10.0"
"118","1987","7","Maharashtra","Nagpur","-1.0","5.0","12.0","5.0"
"118","1988","7","Maharashtra","Nagpur","10.0","5.0","13.4","5.0"
"118","1989","7","Maharashtra","Nagpur","15.0","8.0","17.6","8.0"
"118","1990","7","Maharashtra","Nagpur","20.0","10.0","20.1","10.0"
"118","1991","7","Maharashtra","Nagpur","20.0","17.0","22.9","17.0"
"118","1992","7","Maharashtra","Nagpur","30.0","25.0","23.8","25.0"
"118","1993","7","Maharashtra","Nagpur","30.0","25.0","28.87","25.0"
"118","1994","7","Maharashtra","Nagpur","40.0","25.0","35.74","25.0"
"118","1995","7","Maharashtra","Nagpur","30.36","-1.0","-1.0","-1.0"
"118","1996","7","Maharashtra","Nagpur","36.53","-1.0","-1.0","-1.0"
"118","1997","7","Maharashtra","Nagpur","38.02","35.0","45.38","35.0"
"118","1998","7","Maharashtra","Nagpur","64.44","-1.0","32.21","-1.0"
"118","1999","7","Maharashtra","Nagpur","57.12","40.46","50.11","40.46"
"118","2000","7","Maharashtra","Nagpur","57.53","40.77","51.25","40.77"
"118","2001","7","Maharashtra","Nagpur","59.5","44.35","53.61","44.35"
"118","2002","7","Maharashtra","Nagpur","-1.0","-1.0","-1.0","-1.0"
"118","2003","7","Maharashtra","Nagpur","50.0","35.0","57.35","35.0"
"118","2004","7","Maharashtra","Nagpur","50.0","40.0","51.52","40.0"
"118","2005","7","Maharashtra","Nagpur","50.0","33.75","53.0","33.75"
"118","2006","7","Maharashtra","Nagpur","-1.0","-1.0","54.17","-1.0"
"118","2007","7","Maharashtra","Nagpur","-1.0","-1.0","66.0","-1.0"
"118","2008","7","Maharashtra","Nagpur","-1.0","-1.0","-1.0","-1.0"
"118","2009","7","Maharashtra","Nagpur","-1.0","-1.0","-1.0","-1.0"
"118","2012","7","Maharashtra","Nagpur","175.0","125.0","175.0","125.0"
"118","2016","7","Maharashtra","Nagpur","123.0","87.27","132.0","87.27"
"118","2017","7","Maharashtra","Nagpur","145.0","102.5","261.0","102.5"
"119","1966","7","Maharashtra","Bhandara","2.7","1.25","2.3","1.25"
"119","1967","7","Maharashtra","Bhandara","2.2","2.0","2.6","2.0"
"119","1968","7","Maharashtra","Bhandara","2.4","1.25","2.7","1.25"
"119","1969","7","Maharashtra","Bhandara","2.6","1.25","2.9","1.25"
"119","1970","7","Maharashtra","Bhandara","2.6","1.25","3.1","1.25"
"119","1971","7","Maharashtra","Bhandara","2.6","1.25","3.2","1.25"
"119","1972","7","Maharashtra","Bhandara","2.6","-1.0","-1.0","-1.0"
"119","1973","7","Maharashtra","Bhandara","2.9","-1.0","-1.0","-1.0"
"119","1974","7","Maharashtra","Bhandara","3.2","-1.0","-1.0","-1.0"
"119","1975","7","Maharashtra","Bhandara","3.4","-1.0","-1.0","-1.0"
"119","1976","7","Maharashtra","Bhandara","3.4","-1.0","-1.0","-1.0"
"119","1977","7","Maharashtra","Bhandara","3.5","-1.0","-1.0","-1.0"
"119","1978","7","Maharashtra","Bhandara","3.8","-1.0","-1.0","-1.0"
"119","1979","7","Maharashtra","Bhandara","4.6","-1.0","-1.0","-1.0"
"119","1980","7","Maharashtra","Bhandara","5.0","-1.0","-1.0","-1.0"
"119","1981","7","Maharashtra","Bhandara","5.4","3.0","5.79","3.0"
"119","1982","7","Maharashtra","Bhandara","5.8","-1.0","-1.0","-1.0"
"119","1983","7","Maharashtra","Bhandara","7.0","5.0","7.81","5.0"
"119","1984","7","Maharashtra","Bhandara","6.0","5.0","10.66","5.0"
"119","1985","7","Maharashtra","Bhandara","7.0","7.0","11.36","7.0"
"119","1986","7","Maharashtra","Bhandara","8.0","6.0","11.0","6.0"
"119","1987","7","Maharashtra","Bhandara","8.0","6.0","-1.0","6.0"
"119","1988","7","Maharashtra","Bhandara","7.3","-1.0","13.4","-1.0"
"119","1989","7","Maharashtra","Bhandara","8.0","-1.0","17.6","-1.0"
"119","1990","7","Maharashtra","Bhandara","8.0","-1.0","20.1","-1.0"
"119","1991","7","Maharashtra","Bhandara","-1.0","-1.0","22.9","-1.0"
"119","1992","7","Maharashtra","Bhandara","-1.0","-1.0","23.8","-1.0"
"119","1993","7","Maharashtra","Bhandara","20.0","15.0","28.87","15.0"
"119","1994","7","Maharashtra","Bhandara","20.0","15.0","35.74","15.0"
"119","1995","7","Maharashtra","Bhandara","-1.0","-1.0","-1.0","-1.0"
"119","1996","7","Maharashtra","Bhandara","-1.0","-1.0","-1.0","-1.0"
"119","1997","7","Maharashtra","Bhandara","-1.0","30.6","45.38","30.6"
"119","1998","7","Maharashtra","Bhandara","41.44","-1.0","32.21","-1.0"
"119","1999","7","Maharashtra","Bhandara","51.62","38.51","50.11","38.51"
"119","2000","7","Maharashtra","Bhandara","52.43","39.24","51.25","39.24"
"119","2001","7","Maharashtra","Bhandara","55.4","41.4","53.61","41.4"
"119","2002","7","Maharashtra","Bhandara","-1.0","-1.0","-1.0","-1.0"
"119","2003","7","Maharashtra","Bhandara","-1.0","-1.0","57.35","-1.0"
"119","2004","7","Maharashtra","Bhandara","-1.0","-1.0","51.52","-1.0"
"119","2005","7","Maharashtra","Bhandara","-1.0","-1.0","53.0","-1.0"
"119","2006","7","Maharashtra","Bhandara","-1.0","-1.0","54.17","-1.0"
"119","2007","7","Maharashtra","Bhandara","-1.0","-1.0","66.0","-1.0"
"119","2008","7","Maharashtra","Bhandara","-1.0","-1.0","-1.0","-1.0"
"119","2009","7","Maharashtra","Bhandara","-1.0","-1.0","-1.0","-1.0"
"120","1966","7","Maharashtra","Chandrapur","2.1","1.25","2.3","1.25"
"120","1967","7","Maharashtra","Chandrapur","1.7","1.25","2.6","1.25"
"120","1968","7","Maharashtra","Chandrapur","1.8","1.25","2.7","1.25"
"120","1969","7","Maharashtra","Chandrapur","2.0","1.5","2.9","1.5"
"120","1970","7","Maharashtra","Chandrapur","2.0","1.5","3.1","1.5"
"120","1971","7","Maharashtra","Chandrapur","2.0","1.5","3.2","1.5"
"120","1972","7","Maharashtra","Chandrapur","2.0","-1.0","-1.0","-1.0"
"120","1973","7","Maharashtra","Chandrapur","2.3","-1.0","-1.0","-1.0"
"120","1974","7","Maharashtra","Chandrapur","2.5","-1.0","-1.0","-1.0"
"120","1975","7","Maharashtra","Chandrapur","2.6","-1.0","-1.0","-1.0"
"120","1976","7","Maharashtra","Chandrapur","2.6","-1.0","-1.0","-1.0"
"120","1977","7","Maharashtra","Chandrapur","2.7","-1.0","-1.0","-1.0"
"120","1978","7","Maharashtra","Chandrapur","2.9","-1.0","-1.0","-1.0"
"120","1979","7","Maharashtra","Chandrapur","3.5","-1.0","-1.0","-1.0"
"120","1980","7","Maharashtra","Chandrapur","3.8","-1.0","-1.0","-1.0"
"120","1981","7","Maharashtra","Chandrapur","4.2","3.0","5.79","3.0"
"120","1982","7","Maharashtra","Chandrapur","4.5","-1.0","-1.0","-1.0"
"120","1983","7","Maharashtra","Chandrapur","5.5","3.5","7.81","3.5"
"120","1984","7","Maharashtra","Chandrapur","-1.0","-1.0","10.66","-1.0"
"120","1985","7","Maharashtra","Chandrapur","-1.0","-1.0","11.36","-1.0"
"120","1986","7","Maharashtra","Chandrapur","-1.0","-1.0","11.0","-1.0"
"120","1987","7","Maharashtra","Chandrapur","-1.0","-1.0","12.0","-1.0"
"120","1988","7","Maharashtra","Chandrapur","-1.0","-1.0","13.4","-1.0"
"120","1989","7","Maharashtra","Chandrapur","20.0","20.0","17.6","20.0"
"120","1990","7","Maharashtra","Chandrapur","20.0","20.0","20.1","20.0"
"120","1991","7","Maharashtra","Chandrapur","20.0","20.0","22.9","20.0"
"120","1992","7","Maharashtra","Chandrapur","20.0","20.0","23.8","20.0"
"120","1993","7","Maharashtra","Chandrapur","23.0","23.0","28.87","23.0"
"120","1994","7","Maharashtra","Chandrapur","23.0","23.0","35.74","23.0"
"120","1995","7","Maharashtra","Chandrapur","-1.0","-1.0","-1.0","-1.0"
"120","1996","7","Maharashtra","Chandrapur","-1.0","-1.0","-1.0","-1.0"
"120","1997","7","Maharashtra","Chandrapur","-1.0","30.0","45.38","30.0"
"120","1998","7","Maharashtra","Chandrapur","47.82","-1.0","32.21","-1.0"
"120","1999","7","Maharashtra","Chandrapur","51.4","36.68","50.11","36.68"
"120","2000","7","Maharashtra","Chandrapur","52.35","38.18","51.25","38.18"
"120","2001","7","Maharashtra","Chandrapur","53.48","39.92","53.61","39.92"
"120","2002","7","Maharashtra","Chandrapur","-1.0","-1.0","-1.0","-1.0"
"120","2003","7","Maharashtra","Chandrapur","26.67","18.33","57.35","18.33"
"120","2004","7","Maharashtra","Chandrapur","40.0","30.0","51.52","30.0"
"120","2005","7","Maharashtra","Chandrapur","-1.0","-1.0","53.0","-1.0"
"120","2006","7","Maharashtra","Chandrapur","-1.0","-1.0","54.17","-1.0"
"120","2007","7","Maharashtra","Chandrapur","-1.0","-1.0","66.0","-1.0"
"120","2008","7","Maharashtra","Chandrapur","-1.0","-1.0","-1.0","-1.0"
"120","2009","7","Maharashtra","Chandrapur","-1.0","-1.0","-1.0","-1.0"
"120","2013","7","Maharashtra","Chandrapur","123.0","100.0","119.55","100.0"
"120","2014","7","Maharashtra","Chandrapur","183.33","100.0","152.0","100.0"
"120","2016","7","Maharashtra","Chandrapur","300.0","150.0","132.0","150.0"
"120","2017","7","Maharashtra","Chandrapur","300.0","150.0","261.0","150.0"