"Dist Code","Year","State Code","State Name","Dist Name","RICE AREA (1000 ha)","WHEAT AREA (1000 ha)","SORGHUM AREA (1000 ha)","PEARL MILLET AREA (1000 ha)","MAIZE AREA (1000 ha)","FINGER MILLET AREA (1000 ha)","TOTAL AREA (1000 ha)"
"95","1966","7","Maharashtra","Bombay","0.0","0.0","0.0","0.0","0.0","0.0","0.0"
"95","1967","7","Maharashtra","Bombay","0.0","0.0","0.0","0.0","0.0","0.0","0.0"
"95","1968","7","Maharashtra","Bombay","0.0","0.0","0.0","0.0","0.0","0.0","0.0"
"95","1969","7","Maharashtra","Bombay","0.0","0.0","0.0","0.0","0.0","0.0","0.0"
"95","1970","7","Maharashtra","Bombay","0.0","0.0","0.0","0.0","0.0","0.0","0.0"
"95","1971","7","Maharashtra","Bombay","0.0","0.0","0.0","0.0","0.0","0.0","0.0"
"95","1972","7","Maharashtra","Bombay","0.0","0.0","0.0","0.0","0.0","0.0","0.0"
"95","1973","7","Maharashtra","Bombay","0.0","0.0","0.0","0.0","0.0","0.0","0.0"
"95","1974","7","Maharashtra","Bombay","0.0","0.0","0.0","0.0","0.0","0.0","0.0"
"95","1975","7","Maharashtra","Bombay","0.0","0.0","0.0","0.0","0.0","0.0","0.0"
"95","1976","7","Maharashtra","Bombay","0.0","0.0","0.0","0.0","0.0","0.0","0.0"
"95","1977","7","Maharashtra","Bombay","0.0","0.0","0.0","0.0","0.0","0.0","0.0"
"95","1978","7","Maharashtra","Bombay","0.0","0.0","0.0","0.0","0.0","0.0","0.0"
"95","1979","7","Maharashtra","Bombay","0.0","0.0","0.0","0.0","0.0","0.0","0.0"
"95","1980","7","Maharashtra","Bombay","0.0","0.0","0.0","0.0","0.0","0.0","0.0"
"95","1981","7","Maharashtra","Bombay","0.0","0.0","0.0","0.0","0.0","0.0","0.0"
"95","1982","7","Maharashtra","Bombay","0.0","0.0","0.0","0.0","0.0","0.0","0.0"
"95","1983","7","Maharashtra","Bombay","0.0","0.0","0.0","0.0","0.0","0.0","0.0"
"95","1984","7","Maharashtra","Bombay","0.0","0.0","0.0","0.0","0.0","0.0","0.0"
"95","1985","7","Maharashtra","Bombay","0.0","0.0","0.0","0.0","0.0","0.0","0.0"
"95","1986","7","Maharashtra","Bombay","0.0","0.0","0.0","0.0","0.0","0.0","0.0"
"95","1987","7","Maharashtra","Bombay","0.0","0.0","0.0","0.0","0.0","0.0","0.0"
"95","1988","7","Maharashtra","Bombay","0.0","0.0","0.0","0.0","0.0","0.0","0.0"
"95","1989","7","Maharashtra","Bombay","0.0","0.0","0.0","0.0","0.0","0.0","0.0"
"95","1990","7","Maharashtra","Bombay","0.0","0.0","0.0","0.0","0.0","0.0","0.0"
"95","1991","7","Maharashtra","Bombay","0.0","0.0","0.0","0.0","0.0","0.0","0.0"
"95","1992","7","Maharashtra","Bombay","0.0","0.0","0.0","0.0","0.0","0.0","0.0"
"95","1993","7","Maharashtra","Bombay","0.0","0.0","0.0","0.0","0.0","0.0","0.0"
"95","1994","7","Maharashtra","Bombay","0.0","0.0","0.0","0.0","0.0","0.0","0.0"
"95","1995","7","Maharashtra","Bombay","0.0","0.0","0.0","0.0","0.0","0.0","0.0"
"95","1996","7","Maharashtra","Bombay","0.0","0.0","0.0","0.0","0.0","0.0","0.0"
"95","1997","7","Maharashtra","Bombay","0.0","0.0","0.0","0.0","0.0","0.0","0.0"
"95","1998","7","Maharashtra","Bombay","0.0","0.0","0.0","0.0","0.0","0.0","0.0"
"95","1999","7","Maharashtra","Bombay","0.0","0.0","0.0","0.0","0.0","0.0","0.0"
"95","2000","7","Maharashtra","Bombay","0.0","0.0","0.0","0.0","0.0","0.0","0.0"
"95","2001","7","Maharashtra","Bombay","0.0","0.0","0.0","0.0","0.0","0.0","0.0"
"95","2002","7","Maharashtra","Bombay","0.0","0.0","0.0","0.0","0.0","0.0","0.0"
"95","2003","7","Maharashtra","Bombay","0.0","0.0","0.0","0.0","0.0","0.0","0.0"
"95","2004","7","Maharashtra","Bombay","0.0","0.0","0.0","0.0","0.0","0.0","0.0"
"96","1966","7","Maharashtra","Thane","8.1","0.0","0.1","0.0","0.0","0.0","8.2"
"96","1967","7","Maharashtra","Thane","14.2","0.0","0.0","0.0","0.6","0.0","14.8"
"96","1968","7","Maharashtra","Thane","38.1","0.0","0.0","0.0","0.3","0.0","38.4"
"96","1969","7","Maharashtra","Thane","40.5","0.0","0.0","0.0","0.0","0.0","40.5"
"96","1970","7","Maharashtra","Thane","44.6","0.0","0.0","0.0","0.0","0.0","44.6"
"96","1971","7","Maharashtra","Thane","44.6","0.0","0.1","0.0","0.0","0.0","44.7"
"96","1972","7","Maharashtra","Thane","37.5","1.2","0.1","0.0","0.0","0.0","38.8"
"96","1973","7","Maharashtra","Thane","60.1","5.5","0.1","0.1","0.0","0.0","65.8"
"96","1974","7","Maharashtra","Thane","57.0","0.0","0.1","0.0","0.0","0.0","57.1"
"96","1975","7","Maharashtra","Thane","76.4","2.1","0.2","0.0","0.0","0.0","78.7"
"96","1976","7","Maharashtra","Thane","92.7","0.8","0.5","0.0","0.1","0.0","94.1"
"96","1977","7","Maharashtra","Thane","92.7","0.4","0.5","0.0","0.1","0.0","93.7"
"96","1978","7","Maharashtra","Thane","71.9","0.3","0.5","0.0","0.1","0.0","72.8"
"96","1979","7","Maharashtra","Thane","79.3","0.2","0.4","0.0","0.2","0.0","80.1"
"96","1980","7","Maharashtra","Thane","87.0","1.0","0.7","0.0","0.1","0.0","88.8"
"96","1981","7","Maharashtra","Thane","91.6","0.1","0.1","0.0","0.1","0.0","91.9"
"96","1982","7","Maharashtra","Thane","93.5","0.0","0.0","0.0","0.1","0.0","93.6"
"96","1983","7","Maharashtra","Thane","97.0","0.0","0.0","0.0","0.0","0.0","97.0"
"96","1984","7","Maharashtra","Thane","95.1","0.0","0.0","0.0","0.0","0.0","95.1"
"96","1985","7","Maharashtra","Thane","105.0","0.0","0.0","0.0","0.0","0.0","105.0"
"96","1986","7","Maharashtra","Thane","99.9","0.0","0.0","0.0","0.0","0.0","99.9"
"96","1987","7","Maharashtra","Thane","98.1","0.2","0.0","0.0","0.1","0.0","98.4"
"96","1988","7","Maharashtra","Thane","112.6","0.1","0.0","0.0","0.2","0.0","112.9"
"96","1989","7","Maharashtra","Thane","115.0","0.1","0.0","0.0","0.2","0.0","115.3"
"96","1990","7","Maharashtra","Thane","117.8","0.0","0.0","0.0","0.3","0.0","118.1"
"96","1991","7","Maharashtra","Thane","124.2","0.0","0.0","0.0","0.1","0.0","124.3"
"96","1992","7","Maharashtra","Thane","115.0","0.0","0.0","0.0","0.1","0.0","115.1"
"96","1993","7","Maharashtra","Thane","125.5","0.0","0.0","0.0","0.2","0.0","125.7"
"96","1994","7","Maharashtra","Thane","124.2","0.0","0.0","0.0","-1.0","0.0","124.2"
"96","1995","7","Maharashtra","Thane","122.9","0.0","0.0","0.0","0.0","0.0","122.9"
"96","1996","7","Maharashtra","Thane","129.1","0.0","0.0","0.0","0.0","0.0","129.1"
"96","1997","7","Maharashtra","Thane","125.1","0.0","0.0","0.0","0.0","0.0","125.1"
"96","1998","7","Maharashtra","Thane","131.6","0.1","0.3","0.0","0.0","0.0","132.0"
"96","1999","7","Maharashtra","Thane","132.7","0.1","0.0","0.0","0.0","0.0","132.8"
"96","2000","7","Maharashtra","Thane","132.3","0.0","0.0","0.0","0.0","0.0","132.3"
"96","2001","7","Maharashtra","Thane","123.4","0.0","0.0","0.0","0.0","0.0","123.4"
"96","2002","7","Maharashtra","Thane","118.6","0.0","0.0","0.0","0.0","0.0","118.6"
"96","2003","7","Maharashtra","Thane","119.1","0.1","0.0","0.0","0.0","0.0","119.2"
"96","2004","7","Maharashtra","Thane","119.2","0.1","0.0","0.0","0.0","0.0","119.3"
"96","2005","7","Maharashtra","Thane","128.9","0.2","0.0","0.0","0.1","0.0","129.2"
"96","2006","7","Maharashtra","Thane","128.3","0.2","0.0","0.0","0.0","0.0","128.5"
"96","2007","7","Maharashtra","Thane","133.8","0.2","0.0","0.0","0.0","0.0","134.0"
"96","2008","7","Maharashtra","Thane","140.6","0.1","0.0","0.0","0.0","0.0","140.7"
"97","1966","7","Maharashtra","Raigad","16.0","0.0","0.0","0.0","0.0","0.0","16.0"
"97","1967","7","Maharashtra","Raigad","12.3","0.0","0.0","0.0","0.4","0.0","12.7"
"97","1968","7","Maharashtra","Raigad","23.4","0.0","0.0","0.0","0.0","0.0","23.4"
"97","1969","7","Maharashtra","Raigad","40.8","0.0","0.0","0.0","0.0","0.0","40.8"
"97","1970","7","Maharashtra","Raigad","42.4","0.0","0.0","0.0","0.0","0.0","42.4"
"97","1971","7","Maharashtra","Raigad","51.7","0.0","0.0","0.0","0.0","0.0","51.7"
"97","1972","7","Maharashtra","Raigad","57.1","0.1","0.0","0.0","0.1","0.0","57.3"
"97","1973","7","Maharashtra","Raigad","72.9","0.0","0.0","0.0","0.0","0.0","72.9"
"97","1974","7","Maharashtra","Raigad","66.8","0.4","2.2","0.0","0.4","0.0","69.8"
"97","1975","7","Maharashtra","Raigad","74.5","0.4","3.7","0.0","0.2","0.0","78.8"
"97","1976","7","Maharashtra","Raigad","105.1","0.1","0.7","0.0","0.1","0.0","106.0"
"97","1977","7","Maharashtra","Raigad","107.2","0.0","0.0","0.0","0.2","0.0","107.4"
"97","1978","7","Maharashtra","Raigad","104.1","0.0","0.0","0.0","0.2","0.0","104.3"
"97","1979","7","Maharashtra","Raigad","102.8","0.0","0.1","0.0","0.2","0.0","103.1"
"97","1980","7","Maharashtra","Raigad","106.5","0.0","7.6","0.0","0.2","0.0","114.3"
"97","1981","7","Maharashtra","Raigad","109.0","0.0","0.0","0.0","0.2","0.0","109.2"
"97","1982","7","Maharashtra","Raigad","106.4","0.0","0.0","0.0","0.2","0.0","106.6"
"97","1983","7","Maharashtra","Raigad","107.3","0.0","0.0","0.0","0.2","0.0","107.5"
"97","1984","7","Maharashtra","Raigad","105.2","0.0","0.0","0.0","0.2","0.0","105.4"
"97","1985","7","Maharashtra","Raigad","120.5","0.0","0.0","0.0","0.1","0.0","120.6"
"97","1986","7","Maharashtra","Raigad","126.3","0.0","0.0","0.0","0.0","0.0","126.3"
"97","1987","7","Maharashtra","Raigad","123.2","0.0","0.0","0.0","0.1","0.0","123.3"
"97","1988","7","Maharashtra","Raigad","127.4","0.0","0.0","0.0","0.1","0.0","127.5"
"97","1989","7","Maharashtra","Raigad","127.0","0.0","0.0","0.0","0.1","0.0","127.1"
"97","1990","7","Maharashtra","Raigad","127.7","0.0","0.0","0.0","0.05","0.0","127.75"
"97","1991","7","Maharashtra","Raigad","127.3","0.0","0.0","0.0","0.0","0.0","127.3"
"97","1992","7","Maharashtra","Raigad","127.3","0.0","0.0","0.0","0.0","0.0","127.3"
"97","1993","7","Maharashtra","Raigad","129.1","0.0","0.0","0.0","0.1","0.0","129.2"
"97","1994","7","Maharashtra","Raigad","126.0","0.0","0.0","0.0","-1.0","0.0","126.0"
"97","1995","7","Maharashtra","Raigad","131.1","0.0","0.0","0.0","0.0","0.0","131.1"
"97","1996","7","Maharashtra","Raigad","136.5","0.0","0.0","0.0","0.0","0.0","136.5"
"97","1997","7","Maharashtra","Raigad","132.0","0.0","0.0","0.0","0.0","0.0","132.0"
"97","1998","7","Maharashtra","Raigad","133.0","0.0","0.0","0.0","0.0","0.0","133.0"
"97","1999","7","Maharashtra","Raigad","123.6","0.0","0.0","0.0","0.0","0.0","123.6"
"97","2000","7","Maharashtra","Raigad","120.1","0.0","0.0","0.0","0.0","0.0","120.1"
"97","2001","7","Maharashtra","Raigad","112.9","0.0","0.0","0.0","0.0","0.0","112.9"
"97","2002","7","Maharashtra","Raigad","107.2","0.0","0.0","0.0","0.0","0.0","107.2"
"97","2003","7","Maharashtra","Raigad","107.2","0.0","0.0","0.0","0.0","0.0","107.2"
"97","2004","7","Maharashtra","Raigad","107.1","0.0","0.0","0.0","0.0","0.0","107.1"
"97","2005","7","Maharashtra","Raigad","127.9","0.0","0.0","0.0","0.0","0.0","127.9"
"97","2006","7","Maharashtra","Raigad","131.1","0.0","0.0","0.0","0.0","0.0","131.1"
"97","2007","7","Maharashtra","Raigad","126.9","0.0","0.0","0.0","0.0","0.0","126.9"
"97","2008","7","Maharashtra","Raigad","132.3","0.0","0.0","0.0","0.0","0.0","132.3"
"98","1966","7","Maharashtra","Ratnagiri","14.4","0.0","0.0","0.0","0.0","0.0","14.4"
"98","1967","7","Maharashtra","Ratnagiri","8.0","0.0","0.0","0.0","0.4","0.0","8.4"
"98","1968","7","Maharashtra","Ratnagiri","15.3","0.0","0.0","0.0","0.0","0.0","15.3"
"98","1969","7","Maharashtra","Ratnagiri","23.6","0.0","0.0","0.0","0.0","0.0","23.6"
"98","1970","7","Maharashtra","Ratnagiri","26.2","0.0","0.0","0.0","0.0","0.0","26.2"
"98","1971","7","Maharashtra","Ratnagiri","25.1","0.0","0.1","0.0","0.0","0.0","25.2"
"98","1972","7","Maharashtra","Ratnagiri","24.2","0.0","0.0","0.0","0.0","0.0","24.2"
"98","1973","7","Maharashtra","Ratnagiri","40.1","0.0","0.5","0.0","0.0","0.0","40.6"
"98","1974","7","Maharashtra","Ratnagiri","43.8","0.0","0.5","0.0","0.0","0.0","44.3"
"98","1975","7","Maharashtra","Ratnagiri","50.0","0.1","1.1","0.0","0.1","0.0","51.3"
"98","1976","7","Maharashtra","Ratnagiri","71.4","0.0","0.6","0.0","0.2","0.0","72.2"
"98","1977","7","Maharashtra","Ratnagiri","78.8","0.0","0.1","0.0","0.2","0.0","79.1"
"98","1978","7","Maharashtra","Ratnagiri","68.1","0.0","0.4","0.0","0.2","0.0","68.7"
"98","1979","7","Maharashtra","Ratnagiri","67.5","0.0","0.3","0.0","0.3","0.0","68.1"
"98","1980","7","Maharashtra","Ratnagiri","66.7","0.0","5.4","0.0","0.2","0.0","72.3"
"98","1981","7","Maharashtra","Ratnagiri","71.5","0.0","0.2","0.0","0.2","0.0","71.9"
"98","1982","7","Maharashtra","Ratnagiri","77.7","0.0","0.3","0.0","0.2","0.0","78.2"
"98","1983","7","Maharashtra","Ratnagiri","81.1","0.0","0.0","0.0","0.1","0.0","81.2"
"98","1984","7","Maharashtra","Ratnagiri","79.5","0.0","0.0","0.0","0.1","0.0","79.6"
"98","1985","7","Maharashtra","Ratnagiri","81.3","0.0","0.0","0.0","0.1","0.0","81.4"
"98","1986","7","Maharashtra","Ratnagiri","78.7","0.0","0.0","0.0","0.2","0.0","78.9"
"98","1987","7","Maharashtra","Ratnagiri","90.0","0.0","0.0","0.0","0.2","0.0","90.2"
"98","1988","7","Maharashtra","Ratnagiri","99.8","0.0","0.0","0.0","0.3","0.0","100.1"
"98","1989","7","Maharashtra","Ratnagiri","105.1","0.0","0.0","0.0","0.3","0.0","105.4"
"98","1990","7","Maharashtra","Ratnagiri","109.8","0.0","0.0","0.0","0.26","0.0","110.06"
"98","1991","7","Maharashtra","Ratnagiri","125.2","0.0","0.0","0.0","0.1","0.0","125.3"
"98","1992","7","Maharashtra","Ratnagiri","118.8","0.0","0.0","0.0","0.1","0.0","118.9"
"98","1993","7","Maharashtra","Ratnagiri","124.8","0.0","0.0","0.0","0.1","0.0","124.9"
"98","1994","7","Maharashtra","Ratnagiri","130.2","0.0","0.0","0.0","-1.0","0.0","130.2"
"98","1995","7","Maharashtra","Ratnagiri","133.2","0.0","0.0","0.0","0.0","0.0","133.2"
"98","1996","7","Maharashtra","Ratnagiri","136.5","0.0","0.0","0.0","0.0","0.0","136.5"
"98","1997","7","Maharashtra","Ratnagiri","138.3","0.0","0.0","0.0","0.0","0.0","138.3"
"98","1998","7","Maharashtra","Ratnagiri","138.0","0.0","0.0","0.0","0.0","0.0","138.0"
"98","1999","7","Maharashtra","Ratnagiri","145.8","0.0","0.0","0.0","0.0","0.0","145.8"
"98","2000","7","Maharashtra","Ratnagiri","146.1","0.0","0.0","0.0","0.0","0.0","146.1"
"98","2001","7","Maharashtra","Ratnagiri","135.9","0.0","0.0","0.0","0.0","0.0","135.9"
"98","2002","7","Maharashtra","Ratnagiri","131.6","0.0","0.0","0.0","0.0","0.0","131.6"
"98","2003","7","Maharashtra","Ratnagiri","132.3","0.0","0.0","0.0","0.0","0.0","132.3"
"98","2004","7","Maharashtra","Ratnagiri","132.0","0.0","0.0","0.0","0.0","0.0","132.0"
"98","2005","7","Maharashtra","Ratnagiri","129.1","0.0","0.0","0.0","0.0","0.0","129.1"
"98","2006","7","Maharashtra","Ratnagiri","139.2","0.0","0.0","0.0","0.0","0.0","139.2"
"98","2007","7","Maharashtra","Ratnagiri","148.4","0.0","0.0","0.0","0.0","0.0","148.4"
"98","2008","7","Maharashtra","Ratnagiri","156.0","0.0","0.0","0.0","0.0","0.0","156.0"
"99","1966","7","Maharashtra","Nasik","2.2","0.7","0.6","3.1","1.5","0.0","8.1"
"99","1967","7","Maharashtra","Nasik","1.7","0.0","0.3","22.4","0.5","0.0","24.9"
"99","1968","7","Maharashtra","Nasik","5.3","28.7","0.6","40.3","0.0","0.0","74.9"
"99","1969","7","Maharashtra","Nasik","4.6","26.6","2.1","52.3","0.1","0.0","85.7"
"99","1970","7","Maharashtra","Nasik","5.5","25.1","3.6","54.1","0.1","0.0","88.4"
"99","1971","7","Maharashtra","Nasik","5.6","28.0","2.2","17.6","0.0","0.0","53.4"
"99","1972","7","Maharashtra","Nasik","2.5","25.3","3.5","25.9","0.0","0.0","57.2"
"99","1973","7","Maharashtra","Nasik","5.1","40.7","5.5","85.5","0.1","0.0","136.9"
"99","1974","7","Maharashtra","Nasik","11.5","29.6","5.2","84.8","0.1","0.0","131.2"
"99","1975","7","Maharashtra","Nasik","16.8","71.2","19.9","32.8","0.2","0.0","140.9"
"99","1976","7","Maharashtra","Nasik","22.7","97.2","42.1","26.0","0.4","0.0","188.4"
"99","1977","7","Maharashtra","Nasik","22.4","61.4","57.4","29.4","0.5","0.0","171.1"
"99","1978","7","Maharashtra","Nasik","23.0","60.8","21.9","28.8","0.6","0.0","135.1"
"99","1979","7","Maharashtra","Nasik","24.5","96.8","26.5","88.0","1.3","0.0","237.1"
"99","1980","7","Maharashtra","Nasik","25.7","75.0","46.0","101.3","1.7","0.0","249.7"
"99","1981","7","Maharashtra","Nasik","29.4","85.5","22.9","132.1","0.8","0.0","270.7"
"99","1982","7","Maharashtra","Nasik","21.9","89.1","27.9","137.1","1.0","0.0","277.0"
"99","1983","7","Maharashtra","Nasik","30.3","95.2","57.8","227.0","1.2","0.0","411.5"
"99","1984","7","Maharashtra","Nasik","29.7","63.2","55.4","187.0","1.3","0.0","336.6"
"99","1985","7","Maharashtra","Nasik","22.2","52.3","31.2","148.5","2.1","0.0","256.3"
"99","1986","7","Maharashtra","Nasik","26.7","41.5","53.2","199.5","3.6","0.0","324.5"
"99","1987","7","Maharashtra","Nasik","24.5","61.9","63.0","237.5","7.5","0.0","394.4"
"99","1988","7","Maharashtra","Nasik","26.6","84.2","63.9","222.6","7.3","0.0","404.6"
"99","1989","7","Maharashtra","Nasik","24.6","81.0","64.5","240.0","6.1","0.0","416.2"
"99","1990","7","Maharashtra","Nasik","26.5","78.9","63.2","279.0","8.0","0.0","455.6"
"99","1991","7","Maharashtra","Nasik","28.3","45.0","31.1","290.5","11.8","0.0","406.7"
"99","1992","7","Maharashtra","Nasik","28.0","55.3","35.0","303.6","1.3","0.0","423.2"
"99","1993","7","Maharashtra","Nasik","32.1","58.7","57.8","295.4","18.5","0.0","462.5"
"99","1994","7","Maharashtra","Nasik","37.0","64.7","-1.0","300.0","-1.0","0.0","401.7"
"99","1995","7","Maharashtra","Nasik","30.0","60.0","40.3","313.6","12.8","0.0","456.7"
"99","1996","7","Maharashtra","Nasik","41.7","72.0","50.0","359.4","19.8","0.0","542.9"
"99","1997","7","Maharashtra","Nasik","42.5","65.0","40.0","355.0","17.0","0.0","519.5"
"99","1998","7","Maharashtra","Nasik","40.0","74.0","36.0","329.0","14.0","0.0","493.0"
"99","1999","7","Maharashtra","Nasik","45.6","75.2","12.6","346.3","0.0","0.0","479.7"
"99","2000","7","Maharashtra","Nasik","43.4","30.2","9.6","311.9","0.0","0.0","395.1"
"99","2001","7","Maharashtra","Nasik","41.9","32.2","8.7","288.3","0.0","0.0","371.1"
"99","2002","7","Maharashtra","Nasik","42.2","32.5","9.0","285.1","0.0","0.0","368.8"
"99","2003","7","Maharashtra","Nasik","43.5","34.1","6.8","282.0","0.0","0.0","366.4"
"99","2004","7","Maharashtra","Nasik","43.7","47.4","6.4","280.5","0.0","0.0","378.0"
"99","2005","7","Maharashtra","Nasik","42.5","61.8","14.7","282.9","0.6","0.0","402.5"
"99","2006","7","Maharashtra","Nasik","42.7","77.3","13.7","258.5","1.0","0.0","393.2"
"99","2007","7","Maharashtra","Nasik","48.1","79.0","9.7","205.0","0.5","0.0","342.3"
"99","2008","7","Maharashtra","Nasik","51.2","71.9","6.5","197.9","0.6","0.0","328.1"
"100","1966","7","Maharashtra","Dhule","0.8","0.4","0.9","0.5","0.0","0.0","2.6"
"100","1967","7","Maharashtra","Dhule","0.7","0.0","1.1","19.1","0.5","0.0","21.4"
"100","1968","7","Maharashtra","Dhule","0.5","15.0","4.2","48.4","0.8","0.0","68.9"
"100","1969","7","Maharashtra","Dhule","0.6","19.5","7.6","36.3","0.2","0.0","64.2"
"100","1970","7","Maharashtra","Dhule","0.3","34.6","17.5","62.4","0.2","0.0","115.0"
"100","1971","7","Maharashtra","Dhule","0.6","16.2","13.9","62.8","0.3","0.0","93.8"
"100","1972","7","Maharashtra","Dhule","0.1","23.2","9.9","69.3","0.1","0.0","102.6"
"100","1973","7","Maharashtra","Dhule","0.7","35.2","21.4","128.8","0.6","0.0","186.7"
"100","1974","7","Maharashtra","Dhule","1.2","29.4","25.8","120.6","1.1","0.0","178.1"
"100","1975","7","Maharashtra","Dhule","0.2","35.7","30.6","62.2","2.1","0.0","130.8"
"100","1976","7","Maharashtra","Dhule","0.9","49.5","51.9","52.2","2.1","0.0","156.6"
"100","1977","7","Maharashtra","Dhule","7.4","48.4","64.8","50.0","2.6","0.0","173.2"
"100","1978","7","Maharashtra","Dhule","6.5","35.1","66.8","66.5","2.6","0.0","177.5"
"100","1979","7","Maharashtra","Dhule","7.3","47.4","80.3","101.9","3.7","0.0","240.6"
"100","1980","7","Maharashtra","Dhule","6.4","31.4","76.8","97.8","3.3","0.0","215.7"
"100","1981","7","Maharashtra","Dhule","9.4","42.1","112.0","99.8","5.5","0.0","268.8"
"100","1982","7","Maharashtra","Dhule","10.4","38.0","79.6","128.2","8.1","0.0","264.3"
"100","1983","7","Maharashtra","Dhule","6.2","46.3","96.6","128.2","6.9","0.0","284.2"
"100","1984","7","Maharashtra","Dhule","6.1","30.7","92.6","105.6","7.5","0.0","242.5"
"100","1985","7","Maharashtra","Dhule","9.9","17.4","83.1","142.9","9.7","0.0","263.0"
"100","1986","7","Maharashtra","Dhule","8.9","10.6","111.2","153.8","10.9","0.0","295.4"
"100","1987","7","Maharashtra","Dhule","9.8","17.8","154.7","147.9","13.0","0.0","343.2"
"100","1988","7","Maharashtra","Dhule","11.7","33.9","159.9","153.6","16.1","0.0","375.2"
"100","1989","7","Maharashtra","Dhule","13.5","29.6","163.4","145.1","17.2","0.0","368.8"
"100","1990","7","Maharashtra","Dhule","17.7","29.3","163.3","158.6","19.2","0.0","388.1"
"100","1991","7","Maharashtra","Dhule","19.7","16.0","102.1","152.7","18.1","0.0","308.6"
"100","1992","7","Maharashtra","Dhule","19.6","22.1","133.2","154.7","0.8","0.0","330.4"
"100","1993","7","Maharashtra","Dhule","20.0","20.1","124.6","140.0","21.3","0.0","326.0"
"100","1994","7","Maharashtra","Dhule","23.5","21.7","-1.0","140.5","-1.0","0.0","185.7"
"100","1995","7","Maharashtra","Dhule","21.7","15.3","108.0","164.6","36.6","0.0","346.2"
"100","1996","7","Maharashtra","Dhule","20.8","19.7","105.2","186.9","36.7","0.0","369.3"
"100","1997","7","Maharashtra","Dhule","22.0","18.0","118.1","172.5","20.7","0.0","351.3"
"100","1998","7","Maharashtra","Dhule","23.0","19.0","113.0","164.0","17.0","0.0","336.0"
"100","1999","7","Maharashtra","Dhule","25.1","16.3","68.4","121.2","0.0","0.0","231.0"
"100","2000","7","Maharashtra","Dhule","24.6","14.2","67.9","109.7","0.0","0.0","216.4"
"100","2001","7","Maharashtra","Dhule","21.7","16.6","64.6","142.8","0.0","0.0","245.7"
"100","2002","7","Maharashtra","Dhule","21.5","20.5","64.9","142.8","0.0","0.0","249.7"
"100","2003","7","Maharashtra","Dhule","23.6","26.2","61.4","146.7","0.0","0.0","257.9"
"100","2004","7","Maharashtra","Dhule","22.6","32.9","58.1","138.0","0.0","0.0","251.6"
"100","2005","7","Maharashtra","Dhule","16.9","34.2","74.7","144.1","0.3","0.0","270.2"
"100","2006","7","Maharashtra","Dhule","23.1","42.2","93.6","143.2","0.5","0.0","302.6"
"100","2007","7","Maharashtra","Dhule","24.2","50.8","87.3","119.2","0.7","0.0","282.2"
"100","2008","7","Maharashtra","Dhule","25.8","30.7","81.3","139.7","0.9","0.0","278.4"
"101","1966","7","Maharashtra","Jalgaon","0.1","0.1","1.3","1.3","0.1","0.0","2.9"
"101","1967","7","Maharashtra","Jalgaon","0.0","0.8","10.2","6.8","0.1","0.0","17.9"
"101","1968","7","Maharashtra","Jalgaon","0.0","14.0","38.4","40.4","0.2","0.0","93.0"
"101","1969","7","Maharashtra","Jalgaon","0.0","19.1","21.3","19.8","0.1","0.0","60.3"
"101","1970","7","Maharashtra","Jalgaon","0.0","33.9","41.8","37.6","0.1","0.0","113.4"
"101","1971","7","Maharashtra","Jalgaon","0.0","34.2","30.1","36.6","0.0","0.0","100.9"
"101","1972","7","Maharashtra","Jalgaon","0.0","47.8","35.0","40.2","0.1","0.0","123.1"
"101","1973","7","Maharashtra","Jalgaon","6.3","59.1","53.5","98.9","0.1","0.0","217.9"
"101","1974","7","Maharashtra","Jalgaon","6.7","38.2","51.3","98.7","0.2","0.0","195.1"
"101","1975","7","Maharashtra","Jalgaon","0.0","47.3","99.5","65.1","0.5","0.0","212.4"
"101","1976","7","Maharashtra","Jalgaon","14.6","60.2","147.2","44.5","0.4","0.0","266.9"
"101","1977","7","Maharashtra","Jalgaon","19.1","52.0","180.1","63.5","0.6","0.0","315.3"
"101","1978","7","Maharashtra","Jalgaon","7.9","44.2","171.4","70.5","0.5","0.0","294.5"
"101","1979","7","Maharashtra","Jalgaon","10.0","36.9","199.5","66.8","0.7","0.0","313.9"
"101","1980","7","Maharashtra","Jalgaon","13.3","35.8","201.9","58.1","0.8","0.0","309.9"
"101","1981","7","Maharashtra","Jalgaon","7.9","41.4","234.1","79.6","0.9","0.0","363.9"
"101","1982","7","Maharashtra","Jalgaon","8.6","41.6","221.9","81.4","0.9","0.0","354.4"
"101","1983","7","Maharashtra","Jalgaon","8.3","44.5","200.6","91.5","1.0","0.0","345.9"
"101","1984","7","Maharashtra","Jalgaon","8.1","29.5","192.2","75.4","1.1","0.0","306.3"
"101","1985","7","Maharashtra","Jalgaon","5.3","22.2","242.5","92.0","0.8","0.0","362.8"
"101","1986","7","Maharashtra","Jalgaon","5.2","14.1","225.8","102.4","0.8","0.0","348.3"
"101","1987","7","Maharashtra","Jalgaon","4.4","48.8","250.3","114.1","1.0","0.0","418.6"
"101","1988","7","Maharashtra","Jalgaon","3.6","30.9","255.4","107.7","0.8","0.0","398.4"
"101","1989","7","Maharashtra","Jalgaon","3.0","30.9","279.9","99.9","0.0","0.0","413.7"
"101","1990","7","Maharashtra","Jalgaon","2.6","33.8","250.9","89.9","0.0","0.0","377.2"
"101","1991","7","Maharashtra","Jalgaon","2.0","26.4","232.3","119.3","0.5","0.0","380.5"
"101","1992","7","Maharashtra","Jalgaon","1.3","28.1","251.3","110.4","0.6","0.0","391.7"
"101","1993","7","Maharashtra","Jalgaon","0.9","31.7","262.1","99.0","6.3","0.0","400.0"
"101","1994","7","Maharashtra","Jalgaon","0.9","37.1","-1.0","90.6","-1.0","0.0","128.6"
"101","1995","7","Maharashtra","Jalgaon","1.6","25.2","216.5","91.4","12.1","0.0","346.8"
"101","1996","7","Maharashtra","Jalgaon","1.7","38.1","233.6","88.9","11.1","0.0","373.4"
"101","1997","7","Maharashtra","Jalgaon","0.9","29.5","206.3","77.1","8.8","0.0","322.6"
"101","1998","7","Maharashtra","Jalgaon","1.0","44.0","208.0","66.0","7.0","0.0","326.0"
"101","1999","7","Maharashtra","Jalgaon","1.6","42.0","145.0","66.8","0.0","0.0","255.4"
"101","2000","7","Maharashtra","Jalgaon","1.6","22.6","142.0","58.1","0.0","0.0","224.3"
"101","2001","7","Maharashtra","Jalgaon","1.1","22.2","152.8","56.6","0.0","0.0","232.7"
"101","2002","7","Maharashtra","Jalgaon","0.8","25.8","152.9","56.6","0.0","0.0","236.1"
"101","2003","7","Maharashtra","Jalgaon","0.8","32.7","151.6","54.9","0.0","0.0","240.0"
"101","2004","7","Maharashtra","Jalgaon","0.3","38.4","129.8","52.2","0.0","0.0","220.7"
"101","2005","7","Maharashtra","Jalgaon","0.2","36.2","157.3","60.1","0.8","0.0","254.6"
"101","2006","7","Maharashtra","Jalgaon","0.1","50.8","161.2","52.7","1.9","0.0","266.7"
"101","2007","7","Maharashtra","Jalgaon","0.1","52.6","148.8","46.5","2.3","0.0","250.3"
"101","2008","7","Maharashtra","Jalgaon","0.0","31.6","141.1","33.0","1.2","0.0","206.9"
"102","1966","7","Maharashtra","Ahmednagar","0.1","0.6","1.3","1.0","0.0","0.0","3.0"
"102","1967","7","Maharashtra","Ahmednagar","0.3","2.0","0.9","8.2","0.2","0.0","11.6"
"102","1968","7","Maharashtra","Ahmednagar","0.2","4.9","2.1","15.7","0.4","0.0","23.3"
"102","1969","7","Maharashtra","Ahmednagar","0.9","8.8","1.8","43.9","0.2","0.0","55.6"
"102","1970","7","Maharashtra","Ahmednagar","0.1","14.2","5.3","93.3","0.4","0.0","113.3"
"102","1971","7","Maharashtra","Ahmednagar","0.2","18.3","1.2","8.3","0.2","0.0","28.2"
"102","1972","7","Maharashtra","Ahmednagar","0.0","20.8","3.3","29.2","0.1","0.0","53.4"
"102","1973","7","Maharashtra","Ahmednagar","4.3","49.7","8.0","151.3","0.5","0.0","213.8"
"102","1974","7","Maharashtra","Ahmednagar","3.3","42.1","2.5","95.0","0.8","0.0","143.7"
"102","1975","7","Maharashtra","Ahmednagar","3.8","68.0","17.1","62.0","2.1","0.0","153.0"
"102","1976","7","Maharashtra","Ahmednagar","13.0","78.6","36.1","30.0","2.1","0.0","159.8"
"102","1977","7","Maharashtra","Ahmednagar","9.6","67.8","50.4","25.0","2.4","0.0","155.2"
"102","1978","7","Maharashtra","Ahmednagar","6.1","61.0","28.5","40.5","1.3","0.0","137.4"
"102","1979","7","Maharashtra","Ahmednagar","6.3","63.2","11.4","57.3","1.3","0.0","139.5"
"102","1980","7","Maharashtra","Ahmednagar","6.1","53.6","40.6","116.8","2.4","0.0","219.5"
"102","1981","7","Maharashtra","Ahmednagar","2.7","62.1","18.0","55.5","0.9","0.0","139.2"
"102","1982","7","Maharashtra","Ahmednagar","5.3","57.2","42.6","69.7","2.4","0.0","177.2"
"102","1983","7","Maharashtra","Ahmednagar","5.2","81.8","97.4","177.6","2.8","0.0","364.8"
"102","1984","7","Maharashtra","Ahmednagar","5.1","54.3","93.3","146.3","3.1","0.0","302.1"
"102","1985","7","Maharashtra","Ahmednagar","4.4","47.1","137.3","188.8","2.3","0.0","379.9"
"102","1986","7","Maharashtra","Ahmednagar","5.4","25.3","493.3","103.3","6.0","0.0","633.3"
"102","1987","7","Maharashtra","Ahmednagar","5.4","44.7","157.3","171.5","4.3","0.0","383.2"
"102","1988","7","Maharashtra","Ahmednagar","5.3","76.0","82.7","243.9","5.5","0.0","413.4"
"102","1989","7","Maharashtra","Ahmednagar","5.7","76.4","154.5","224.9","3.5","0.0","465.0"
"102","1990","7","Maharashtra","Ahmednagar","6.0","63.4","157.9","258.1","5.8","0.0","491.2"
"102","1991","7","Maharashtra","Ahmednagar","5.2","69.4","132.8","301.5","9.5","0.0","518.4"
"102","1992","7","Maharashtra","Ahmednagar","6.0","37.2","131.6","316.2","8.9","0.0","499.9"
"102","1993","7","Maharashtra","Ahmednagar","7.1","76.1","147.2","308.9","9.8","0.0","549.1"
"102","1994","7","Maharashtra","Ahmednagar","6.3","71.1","-1.0","264.7","-1.0","0.0","342.1"
"102","1995","7","Maharashtra","Ahmednagar","2.0","64.8","547.3","194.6","2.2","0.0","810.9"
"102","1996","7","Maharashtra","Ahmednagar","4.0","89.0","417.8","338.5","4.7","0.0","854.0"
"102","1997","7","Maharashtra","Ahmednagar","3.7","68.3","598.7","268.2","4.2","0.0","943.1"
"102","1998","7","Maharashtra","Ahmednagar","5.0","124.0","363.0","298.0","11.0","0.0","801.0"
"102","1999","7","Maharashtra","Ahmednagar","5.2","116.2","0.8","306.6","0.0","0.0","428.8"
"102","2000","7","Maharashtra","Ahmednagar","5.2","93.4","0.8","309.8","0.0","0.0","409.2"
"102","2001","7","Maharashtra","Ahmednagar","6.4","87.2","0.1","203.1","0.0","0.0","296.8"
"102","2002","7","Maharashtra","Ahmednagar","6.4","65.5","0.1","194.4","0.0","0.0","266.4"
"102","2003","7","Maharashtra","Ahmednagar","6.5","37.6","0.1","181.6","0.0","0.0","225.8"
"102","2004","7","Maharashtra","Ahmednagar","6.9","89.3","0.1","214.0","0.0","0.0","310.3"
"102","2005","7","Maharashtra","Ahmednagar","8.0","97.7","513.0","217.7","3.0","0.0","839.4"
"102","2006","7","Maharashtra","Ahmednagar","7.1","153.9","491.5","243.9","1.1","0.0","897.5"
"102","2007","7","Maharashtra","Ahmednagar","8.6","130.9","473.3","232.6","1.5","0.0","846.9"
"102","2008","7","Maharashtra","Ahmednagar","9.3","138.2","476.9","128.2","3.0","0.0","755.6"
"103","1966","7","Maharashtra","Pune","1.6","0.0","0.6","1.0","0.7","0.0","3.9"
"103","1967","7","Maharashtra","Pune","3.3","0.5","3.9","4.4","0.8","0.0","12.9"
"103","1968","7","Maharashtra","Pune","6.4","2.4","4.3","8.9","0.5","0.0","22.5"
"103","1969","7","Maharashtra","Pune","9.8","6.4","3.6","11.3","0.4","0.0","31.5"
"103","1970","7","Maharashtra","Pune","10.8","10.0","6.9","20.6","0.6","0.0","48.9"
"103","1971","7","Maharashtra","Pune","12.2","13.1","5.6","11.2","0.6","0.0","42.7"
"103","1972","7","Maharashtra","Pune","14.9","15.4","12.5","11.6","0.8","0.0","55.2"
"103","1973","7","Maharashtra","Pune","21.4","17.4","13.8","38.4","1.0","0.0","92.0"
"103","1974","7","Maharashtra","Pune","26.2","25.1","10.3","24.7","1.2","0.0","87.5"
"103","1975","7","Maharashtra","Pune","27.7","29.5","19.3","18.3","3.7","0.0","98.5"
"103","1976","7","Maharashtra","Pune","47.4","42.8","35.3","0.9","9.3","0.0","135.7"
"103","1977","7","Maharashtra","Pune","44.0","45.5","43.6","1.1","11.6","0.0","145.8"
"103","1978","7","Maharashtra","Pune","41.5","42.0","27.9","1.3","11.9","0.0","124.6"
"103","1979","7","Maharashtra","Pune","38.0","39.1","24.5","2.7","5.3","0.0","109.6"
"103","1980","7","Maharashtra","Pune","40.2","36.9","36.5","27.2","12.7","0.0","153.5"
"103","1981","7","Maharashtra","Pune","38.5","37.6","40.3","25.9","2.6","0.0","144.9"
"103","1982","7","Maharashtra","Pune","31.7","39.5","36.4","11.5","5.6","0.0","124.7"
"103","1983","7","Maharashtra","Pune","39.7","43.5","103.9","35.6","20.8","0.0","243.5"
"103","1984","7","Maharashtra","Pune","38.9","28.9","99.6","29.3","22.7","0.0","219.4"
"103","1985","7","Maharashtra","Pune","39.4","32.2","94.1","44.1","10.5","0.0","220.3"
"103","1986","7","Maharashtra","Pune","40.2","31.9","89.4","61.3","10.6","0.0","233.4"
"103","1987","7","Maharashtra","Pune","16.2","38.4","130.6","37.5","3.8","0.0","226.5"
"103","1988","7","Maharashtra","Pune","36.0","39.0","25.7","145.6","3.0","0.0","249.3"
"103","1989","7","Maharashtra","Pune","37.0","41.5","154.5","151.0","2.5","0.0","386.5"
"103","1990","7","Maharashtra","Pune","38.6","36.0","121.7","174.1","5.4","0.0","375.8"
"103","1991","7","Maharashtra","Pune","41.0","43.1","117.3","174.6","5.8","0.0","381.8"
"103","1992","7","Maharashtra","Pune","41.0","38.0","113.1","147.0","5.2","0.0","344.3"
"103","1993","7","Maharashtra","Pune","44.3","45.7","118.8","156.0","8.0","0.0","372.8"
"103","1994","7","Maharashtra","Pune","40.5","45.2","-1.0","152.6","-1.0","0.0","238.3"
"103","1995","7","Maharashtra","Pune","41.4","46.8","394.1","112.8","3.6","0.0","598.7"
"103","1996","7","Maharashtra","Pune","44.6","49.9","442.5","160.3","4.9","0.0","702.2"
"103","1997","7","Maharashtra","Pune","43.8","49.9","310.8","113.7","5.8","0.0","524.0"
"103","1998","7","Maharashtra","Pune","59.0","52.0","299.0","148.0","7.0","0.0","565.0"
"103","1999","7","Maharashtra","Pune","59.1","60.1","3.1","156.4","0.0","0.0","278.7"
"103","2000","7","Maharashtra","Pune","60.8","50.3","2.6","152.4","0.0","0.0","266.1"
"103","2001","7","Maharashtra","Pune","52.6","54.7","2.9","115.2","0.0","0.0","225.4"
"103","2002","7","Maharashtra","Pune","49.6","60.2","2.9","110.3","0.0","0.0","223.0"
"103","2003","7","Maharashtra","Pune","52.0","36.9","2.8","86.3","0.0","0.0","178.0"
"103","2004","7","Maharashtra","Pune","58.1","50.1","3.1","104.0","0.0","0.0","215.3"
"103","2005","7","Maharashtra","Pune","57.1","53.8","421.6","115.6","2.1","0.0","650.2"
"103","2006","7","Maharashtra","Pune","57.1","71.9","426.7","128.9","1.8","0.0","686.4"
"103","2007","7","Maharashtra","Pune","59.7","73.4","379.0","107.8","1.5","0.0","621.4"
"103","2008","7","Maharashtra","Pune","61.2","60.9","405.0","34.5","1.1","0.0","562.7"
"104","1966","7","Maharashtra","Satara","0.2","0.1","2.6","0.3","0.8","0.0","4.0"
"104","1967","7","Maharashtra","Satara","2.8","0.6","3.2","12.8","0.8","0.0","20.2"
"104","1968","7","Maharashtra","Satara","3.4","1.6","5.1","3.9","0.5","0.0","14.5"
"104","1969","7","Maharashtra","Satara","3.7","4.2","19.2","8.1","0.3","0.0","35.5"
"104","1970","7","Maharashtra","Satara","4.4","3.4","14.7","3.8","0.3","0.0","26.6"
"104","1971","7","Maharashtra","Satara","3.5","4.4","16.2","2.4","0.1","0.0","26.6"
"104","1972","7","Maharashtra","Satara","0.0","12.0","26.2","1.8","0.0","0.0","40.0"
"104","1973","7","Maharashtra","Satara","4.4","10.1","43.4","7.1","0.1","0.0","65.1"
"104","1974","7","Maharashtra","Satara","5.8","11.6","23.9","3.2","0.2","0.0","44.7"
"104","1975","7","Maharashtra","Satara","4.9","12.3","26.1","6.2","0.2","0.0","49.7"
"104","1976","7","Maharashtra","Satara","13.3","26.4","46.2","3.3","0.4","0.0","89.6"
"104","1977","7","Maharashtra","Satara","15.2","19.8","47.9","2.0","0.6","0.0","85.5"
"104","1978","7","Maharashtra","Satara","17.0","21.6","51.7","0.8","0.6","0.0","91.7"
"104","1979","7","Maharashtra","Satara","18.4","23.1","43.7","0.4","0.7","0.0","86.3"
"104","1980","7","Maharashtra","Satara","19.4","22.5","48.4","2.7","0.9","0.0","93.9"
"104","1981","7","Maharashtra","Satara","22.4","22.6","64.7","10.6","1.1","0.0","121.4"
"104","1982","7","Maharashtra","Satara","21.3","24.7","68.4","4.1","0.3","0.0","118.8"
"104","1983","7","Maharashtra","Satara","24.0","24.0","83.7","6.7","1.1","0.0","139.5"
"104","1984","7","Maharashtra","Satara","23.5","15.9","80.2","5.5","1.2","0.0","126.3"
"104","1985","7","Maharashtra","Satara","24.0","24.0","97.7","3.8","1.2","0.0","150.7"
"104","1986","7","Maharashtra","Satara","24.1","21.3","179.1","24.0","1.6","0.0","250.1"
"104","1987","7","Maharashtra","Satara","23.5","19.9","211.9","12.0","1.5","0.0","268.8"
"104","1988","7","Maharashtra","Satara","28.0","24.8","180.5","34.7","2.0","0.0","270.0"
"104","1989","7","Maharashtra","Satara","28.8","24.8","185.0","43.8","1.8","0.0","284.2"
"104","1990","7","Maharashtra","Satara","27.2","27.2","210.6","46.6","2.64","0.0","314.24"
"104","1991","7","Maharashtra","Satara","29.9","25.3","200.2","45.6","4.9","0.0","305.9"
"104","1992","7","Maharashtra","Satara","29.9","13.9","93.2","68.1","3.0","0.0","208.1"
"104","1993","7","Maharashtra","Satara","34.9","28.4","245.7","82.5","5.3","0.0","396.8"
"104","1994","7","Maharashtra","Satara","32.8","29.6","-1.0","106.5","-1.0","0.0","168.9"
"104","1995","7","Maharashtra","Satara","36.5","28.4","202.1","71.5","7.2","0.0","345.7"
"104","1996","7","Maharashtra","Satara","38.7","30.7","216.2","102.2","6.2","0.0","394.0"
"104","1997","7","Maharashtra","Satara","36.5","31.8","192.7","68.6","9.6","0.0","339.2"
"104","1998","7","Maharashtra","Satara","40.0","36.0","195.0","83.0","10.0","0.0","364.0"
"104","1999","7","Maharashtra","Satara","41.8","32.2","68.6","85.6","0.0","0.0","228.2"
"104","2000","7","Maharashtra","Satara","41.7","26.4","64.2","85.4","0.0","0.0","217.7"
"104","2001","7","Maharashtra","Satara","39.7","33.2","65.1","82.7","0.0","0.0","220.7"
"104","2002","7","Maharashtra","Satara","39.0","32.8","65.8","80.0","0.0","0.0","217.6"
"104","2003","7","Maharashtra","Satara","38.0","22.7","57.2","20.7","0.0","0.0","138.6"
"104","2004","7","Maharashtra","Satara","37.9","32.4","62.6","82.7","0.0","0.0","215.6"
"104","2005","7","Maharashtra","Satara","37.1","36.6","195.6","63.0","1.6","0.0","333.9"
"104","2006","7","Maharashtra","Satara","39.4","40.9","193.3","84.5","0.8","0.0","358.9"
"104","2007","7","Maharashtra","Satara","49.2","43.3","139.5","79.9","0.8","0.0","312.7"
"104","2008","7","Maharashtra","Satara","49.7","40.2","200.4","6.4","0.9","0.0","297.6"
"105","1966","7","Maharashtra","Sangli","0.5","2.4","0.8","0.8","0.0","0.0","4.5"
"105","1967","7","Maharashtra","Sangli","0.9","1.9","5.2","1.6","0.3","0.0","9.9"
"105","1968","7","Maharashtra","Sangli","2.6","1.0","4.6","0.9","0.5","0.0","9.6"
"105","1969","7","Maharashtra","Sangli","2.2","2.1","8.9","1.6","0.2","0.0","15.0"
"105","1970","7","Maharashtra","Sangli","3.7","2.9","17.8","3.0","0.5","0.0","27.9"
"105","1971","7","Maharashtra","Sangli","3.6","3.0","22.7","6.9","0.2","0.0","36.4"
"105","1972","7","Maharashtra","Sangli","1.6","8.6","16.4","0.4","0.0","0.0","27.0"
"105","1973","7","Maharashtra","Sangli","3.8","5.5","37.8","6.3","0.8","0.0","54.2"
"105","1974","7","Maharashtra","Sangli","4.9","7.1","39.0","6.0","1.3","0.0","58.3"
"105","1975","7","Maharashtra","Sangli","6.5","23.3","36.2","4.7","2.7","0.0","73.4"
"105","1976","7","Maharashtra","Sangli","14.8","20.9","60.8","9.0","3.1","0.0","108.6"
"105","1977","7","Maharashtra","Sangli","15.7","19.5","71.4","13.3","3.8","0.0","123.7"
"105","1978","7","Maharashtra","Sangli","15.4","21.1","80.5","8.8","4.8","0.0","130.6"
"105","1979","7","Maharashtra","Sangli","12.7","34.0","75.1","2.8","3.9","0.0","128.5"
"105","1980","7","Maharashtra","Sangli","18.7","16.5","87.6","6.7","5.3","0.0","134.8"
"105","1981","7","Maharashtra","Sangli","15.3","20.4","98.5","16.3","6.4","0.0","156.9"
"105","1982","7","Maharashtra","Sangli","13.6","18.7","87.7","13.4","5.6","0.0","139.0"
"105","1983","7","Maharashtra","Sangli","15.5","15.5","120.0","23.0","5.9","0.0","179.9"
"105","1984","7","Maharashtra","Sangli","15.2","10.3","115.0","19.0","6.5","0.0","166.0"
"105","1985","7","Maharashtra","Sangli","16.2","18.5","152.6","21.4","8.2","0.0","216.9"
"105","1986","7","Maharashtra","Sangli","13.3","20.2","104.0","26.8","9.2","0.0","173.5"
"105","1987","7","Maharashtra","Sangli","13.3","15.7","145.8","38.7","9.4","0.0","222.9"
"105","1988","7","Maharashtra","Sangli","12.9","19.6","143.6","39.3","7.1","0.0","222.5"
"105","1989","7","Maharashtra","Sangli","12.5","22.0","150.8","41.9","4.9","0.0","232.1"
"105","1990","7","Maharashtra","Sangli","12.7","20.2","154.5","59.4","5.18","0.0","251.98"
"105","1991","7","Maharashtra","Sangli","12.5","17.1","195.6","64.1","6.4","0.0","295.7"
"105","1992","7","Maharashtra","Sangli","12.5","13.4","202.1","56.2","8.7","0.0","292.9"
"105","1993","7","Maharashtra","Sangli","9.5","20.8","237.3","48.8","10.2","0.0","326.6"
"105","1994","7","Maharashtra","Sangli","9.6","19.0","-1.0","56.5","-1.0","0.0","85.1"
"105","1995","7","Maharashtra","Sangli","9.0","19.7","229.0","70.2","10.7","0.0","338.6"
"105","1996","7","Maharashtra","Sangli","14.8","19.8","239.8","90.5","8.1","0.0","373.0"
"105","1997","7","Maharashtra","Sangli","15.6","20.3","244.3","88.2","11.1","0.0","379.5"
"105","1998","7","Maharashtra","Sangli","14.0","25.0","220.0","58.0","11.0","0.0","328.0"
"105","1999","7","Maharashtra","Sangli","16.8","22.9","124.0","98.7","0.0","0.0","262.4"
"105","2000","7","Maharashtra","Sangli","17.7","19.4","119.9","100.0","0.0","0.0","257.0"
"105","2001","7","Maharashtra","Sangli","15.6","26.2","100.9","59.2","0.0","0.0","201.9"
"105","2002","7","Maharashtra","Sangli","15.9","20.8","105.1","57.3","0.0","0.0","199.1"
"105","2003","7","Maharashtra","Sangli","13.4","12.1","49.8","10.0","0.0","0.0","85.3"
"105","2004","7","Maharashtra","Sangli","15.2","29.6","110.6","85.1","0.0","0.0","240.5"
"105","2005","7","Maharashtra","Sangli","15.4","21.5","212.4","63.3","1.7","0.0","314.3"
"105","2006","7","Maharashtra","Sangli","17.9","29.0","243.7","92.7","0.9","0.0","384.2"
"105","2007","7","Maharashtra","Sangli","18.7","29.8","140.2","82.5","1.4","0.0","272.6"
"105","2008","7","Maharashtra","Sangli","18.5","24.6","202.8","12.5","1.4","0.0","259.8"
"106","1966","7","Maharashtra","Solapur","0.2","0.1","0.2","0.0","1.2","0.0","1.7"
"106","1967","7","Maharashtra","Solapur","0.0","0.3","1.6","0.9","1.1","0.0","3.9"
"106","1968","7","Maharashtra","Solapur","0.0","1.6","8.9","6.5","1.9","0.0","18.9"
"106","1969","7","Maharashtra","Solapur","0.0","3.2","4.7","14.8","0.5","0.0","23.2"
"106","1970","7","Maharashtra","Solapur","0.0","2.6","4.4","16.7","0.6","0.0","24.3"
"106","1971","7","Maharashtra","Solapur","0.0","3.4","2.3","7.9","0.4","0.0","14.0"
"106","1972","7","Maharashtra","Solapur","3.3","7.2","2.2","2.1","0.3","0.0","15.1"
"106","1973","7","Maharashtra","Solapur","0.0","7.8","3.6","21.3","1.0","0.0","33.7"
"106","1974","7","Maharashtra","Solapur","0.0","30.5","2.1","16.0","1.3","0.0","49.9"
"106","1975","7","Maharashtra","Solapur","4.6","38.9","10.0","21.8","6.6","0.0","81.9"
"106","1976","7","Maharashtra","Solapur","8.4","36.0","13.6","12.4","10.0","0.0","80.4"
"106","1977","7","Maharashtra","Solapur","7.4","27.8","14.2","14.1","10.8","0.0","74.3"
"106","1978","7","Maharashtra","Solapur","4.8","46.0","16.5","8.3","8.4","0.0","84.0"
"106","1979","7","Maharashtra","Solapur","1.9","46.1","10.4","1.0","5.5","0.0","64.9"
"106","1980","7","Maharashtra","Solapur","9.5","28.5","61.4","13.7","14.8","0.0","127.9"
"106","1981","7","Maharashtra","Solapur","4.0","42.7","12.7","29.5","12.0","0.0","100.9"
"106","1982","7","Maharashtra","Solapur","3.9","37.5","68.4","20.3","8.7","0.0","138.8"
"106","1983","7","Maharashtra","Solapur","4.8","53.0","126.7","34.3","13.1","0.0","231.9"
"106","1984","7","Maharashtra","Solapur","4.7","35.2","121.4","28.3","14.3","0.0","203.9"
"106","1985","7","Maharashtra","Solapur","3.0","35.3","117.8","24.9","11.6","0.0","192.6"
"106","1986","7","Maharashtra","Solapur","1.7","26.5","137.3","24.0","9.9","0.0","199.4"
"106","1987","7","Maharashtra","Solapur","2.4","27.2","177.0","25.8","12.9","0.0","245.3"
"106","1988","7","Maharashtra","Solapur","2.6","38.1","201.6","21.4","14.2","0.0","277.9"
"106","1989","7","Maharashtra","Solapur","3.6","41.2","222.9","24.2","10.6","0.0","302.5"
"106","1990","7","Maharashtra","Solapur","4.4","34.0","236.5","24.7","20.7","0.0","320.3"
"106","1991","7","Maharashtra","Solapur","2.3","34.3","230.1","22.1","19.8","0.0","308.6"
"106","1992","7","Maharashtra","Solapur","2.2","26.8","252.9","22.5","14.4","0.0","318.8"
"106","1993","7","Maharashtra","Solapur","2.0","30.4","279.1","24.4","13.5","0.0","349.4"
"106","1994","7","Maharashtra","Solapur","1.5","32.3","-1.0","23.0","-1.0","0.0","56.8"
"106","1995","7","Maharashtra","Solapur","0.5","23.4","47.4","16.7","4.8","0.0","92.8"
"106","1996","7","Maharashtra","Solapur","1.6","36.0","485.4","16.3","6.5","0.0","545.8"
"106","1997","7","Maharashtra","Solapur","1.2","31.1","568.0","21.6","16.7","0.0","638.6"
"106","1998","7","Maharashtra","Solapur","3.0","70.0","359.0","35.0","27.0","0.0","494.0"
"106","1999","7","Maharashtra","Solapur","2.9","53.2","2.1","49.5","0.0","0.0","107.7"
"106","2000","7","Maharashtra","Solapur","2.8","44.7","1.8","50.7","0.0","0.0","100.0"
"106","2001","7","Maharashtra","Solapur","0.5","48.9","1.0","22.8","0.0","0.0","73.2"
"106","2002","7","Maharashtra","Solapur","0.4","45.0","1.1","22.3","0.0","0.0","68.8"
"106","2003","7","Maharashtra","Solapur","0.2","29.6","0.4","8.6","0.0","0.0","38.8"
"106","2004","7","Maharashtra","Solapur","0.3","48.1","0.4","23.3","0.0","0.0","72.1"
"106","2005","7","Maharashtra","Solapur","0.0","57.5","636.6","9.7","1.7","0.0","705.5"
"106","2006","7","Maharashtra","Solapur","0.0","69.3","661.9","27.5","0.7","0.0","759.4"
"106","2007","7","Maharashtra","Solapur","0.3","75.0","580.9","20.6","1.5","0.0","678.3"
"106","2008","7","Maharashtra","Solapur","0.1","62.6","646.4","1.8","1.9","0.0","712.8"
"107","1966","7","Maharashtra","Kolhapur","3.8","0.0","0.9","0.4","0.2","0.0","5.3"
"107","1967","7","Maharashtra","Kolhapur","4.3","0.0","0.0","0.0","0.9","0.0","5.2"
"107","1968","7","Maharashtra","Kolhapur","8.2","1.1","1.4","0.0","1.7","0.0","12.4"
"107","1969","7","Maharashtra","Kolhapur","9.6","1.5","4.9","0.0","2.9","0.0","18.9"
"107","1970","7","Maharashtra","Kolhapur","12.3","1.2","7.2","0.0","0.8","0.0","21.5"
"107","1971","7","Maharashtra","Kolhapur","14.6","0.9","8.8","0.0","0.4","0.0","24.7"
"107","1972","7","Maharashtra","Kolhapur","15.9","2.0","14.3","0.0","0.5","0.0","32.7"
"107","1973","7","Maharashtra","Kolhapur","18.8","2.3","26.4","0.0","0.9","0.0","48.4"
"107","1974","7","Maharashtra","Kolhapur","33.3","5.5","39.6","0.0","1.7","0.0","80.1"
"107","1975","7","Maharashtra","Kolhapur","45.7","6.8","28.3","0.0","3.3","0.0","84.1"
"107","1976","7","Maharashtra","Kolhapur","66.3","5.7","27.6","0.0","5.6","0.0","105.2"
"107","1977","7","Maharashtra","Kolhapur","74.4","6.3","30.2","0.0","6.2","0.0","117.1"
"107","1978","7","Maharashtra","Kolhapur","75.5","6.1","30.0","0.0","6.9","0.0","118.5"
"107","1979","7","Maharashtra","Kolhapur","72.6","10.1","27.1","0.0","6.7","0.0","116.5"
"107","1980","7","Maharashtra","Kolhapur","71.4","5.9","31.3","0.0","5.8","0.0","114.4"
"107","1981","7","Maharashtra","Kolhapur","68.7","7.5","31.3","0.0","6.8","0.0","114.3"
"107","1982","7","Maharashtra","Kolhapur","74.0","8.6","28.3","0.0","6.3","0.0","117.2"
"107","1983","7","Maharashtra","Kolhapur","73.2","10.0","34.7","0.0","7.0","0.0","124.9"
"107","1984","7","Maharashtra","Kolhapur","71.8","6.6","33.3","0.0","7.7","0.0","119.4"
"107","1985","7","Maharashtra","Kolhapur","77.6","8.1","41.4","0.0","4.2","0.0","131.3"
"107","1986","7","Maharashtra","Kolhapur","80.5","11.5","40.2","0.0","5.2","0.0","137.4"
"107","1987","7","Maharashtra","Kolhapur","82.4","8.9","42.6","0.0","3.8","0.0","137.7"
"107","1988","7","Maharashtra","Kolhapur","89.6","6.0","46.5","0.0","5.6","0.0","147.7"
"107","1989","7","Maharashtra","Kolhapur","87.7","7.8","47.5","0.0","5.4","0.0","148.4"
"107","1990","7","Maharashtra","Kolhapur","93.5","8.4","49.9","149.1","6.33","0.0","307.23"
"107","1991","7","Maharashtra","Kolhapur","92.2","7.1","46.6","0.0","4.7","0.0","150.6"
"107","1992","7","Maharashtra","Kolhapur","92.3","8.0","48.1","0.0","4.7","0.0","153.1"
"107","1993","7","Maharashtra","Kolhapur","94.0","7.5","40.7","0.0","5.4","0.0","147.6"
"107","1994","7","Maharashtra","Kolhapur","93.9","8.9","-1.0","0.1","-1.0","0.0","102.9"
"107","1995","7","Maharashtra","Kolhapur","97.9","7.0","26.1","0.0","4.2","0.0","135.2"
"107","1996","7","Maharashtra","Kolhapur","94.1","7.2","26.6","0.0","1.7","0.0","129.6"
"107","1997","7","Maharashtra","Kolhapur","93.0","6.3","23.7","0.0","4.5","0.0","127.5"
"107","1998","7","Maharashtra","Kolhapur","96.0","7.0","21.0","0.0","5.0","0.0","129.0"
"107","1999","7","Maharashtra","Kolhapur","101.5","6.5","12.5","0.1","0.0","0.0","120.6"
"107","2000","7","Maharashtra","Kolhapur","101.0","5.9","11.6","0.0","0.0","0.0","118.5"
"107","2001","7","Maharashtra","Kolhapur","96.4","7.9","8.7","0.0","0.0","0.0","113.0"
"107","2002","7","Maharashtra","Kolhapur","90.9","8.0","8.9","0.0","0.0","0.0","107.8"
"107","2003","7","Maharashtra","Kolhapur","91.3","8.3","7.5","0.0","0.0","0.0","107.1"
"107","2004","7","Maharashtra","Kolhapur","95.1","7.8","7.8","0.0","0.0","0.0","110.7"
"107","2005","7","Maharashtra","Kolhapur","92.4","8.8","18.8","0.0","1.3","0.0","121.3"
"107","2006","7","Maharashtra","Kolhapur","102.2","9.3","20.2","0.0","1.7","0.0","133.4"
"107","2007","7","Maharashtra","Kolhapur","112.6","10.5","19.8","0.0","2.5","0.0","145.4"
"107","2008","7","Maharashtra","Kolhapur","114.4","9.6","20.6","0.0","2.8","0.0","147.4"
"108","1966","7","Maharashtra","Aurangabad","0.6","0.1","0.6","0.6","2.3","0.0","4.2"
"108","1967","7","Maharashtra","Aurangabad","0.0","2.8","7.3","14.7","0.6","0.0","25.4"
"108","1968","7","Maharashtra","Aurangabad","0.0","5.6","17.7","39.6","1.0","0.0","63.9"
"108","1969","7","Maharashtra","Aurangabad","0.0","9.3","19.9","44.9","0.7","0.0","74.8"
"108","1970","7","Maharashtra","Aurangabad","0.0","11.1","34.5","81.4","0.6","0.0","127.6"
"108","1971","7","Maharashtra","Aurangabad","0.0","15.5","12.2","19.7","0.2","0.0","47.6"
"108","1972","7","Maharashtra","Aurangabad","0.0","25.1","11.9","52.9","0.1","0.0","90.0"
"108","1973","7","Maharashtra","Aurangabad","0.0","10.3","26.2","121.4","0.6","0.0","158.5"
"108","1974","7","Maharashtra","Aurangabad","0.1","30.0","15.1","100.0","0.6","0.0","145.8"
"108","1975","7","Maharashtra","Aurangabad","1.3","81.3","42.9","50.4","3.1","0.0","179.0"
"108","1976","7","Maharashtra","Aurangabad","5.4","81.9","82.4","8.9","3.9","0.0","182.5"
"108","1977","7","Maharashtra","Aurangabad","5.0","86.6","96.0","10.0","3.7","0.0","201.3"
"108","1978","7","Maharashtra","Aurangabad","6.6","80.9","87.4","22.8","5.8","0.0","203.5"
"108","1979","7","Maharashtra","Aurangabad","2.5","71.8","86.5","41.7","5.3","0.0","207.8"
"108","1980","7","Maharashtra","Aurangabad","4.9","81.6","96.0","97.0","5.5","0.0","285.0"
"108","1981","7","Maharashtra","Aurangabad","4.5","75.9","107.2","155.9","2.5","0.0","346.0"
"108","1982","7","Maharashtra","Aurangabad","6.0","79.6","129.3","154.5","6.4","0.0","375.8"
"108","1983","7","Maharashtra","Aurangabad","6.8","103.4","501.5","220.8","6.9","0.0","839.4"
"108","1984","7","Maharashtra","Aurangabad","6.7","68.6","480.5","181.9","7.5","0.0","745.2"
"108","1985","7","Maharashtra","Aurangabad","6.1","50.1","474.3","176.4","6.6","0.0","713.5"
"108","1986","7","Maharashtra","Aurangabad","5.0","40.8","395.7","183.6","6.2","0.0","631.3"
"108","1987","7","Maharashtra","Aurangabad","4.2","53.7","332.6","197.9","9.8","0.0","598.2"
"108","1988","7","Maharashtra","Aurangabad","5.4","71.4","301.1","233.1","13.7","0.0","624.7"
"108","1989","7","Maharashtra","Aurangabad","3.9","59.6","339.8","206.2","13.1","0.0","622.6"
"108","1990","7","Maharashtra","Aurangabad","3.7","61.1","335.0","190.4","15.1","0.0","605.3"
"108","1991","7","Maharashtra","Aurangabad","2.8","29.0","208.8","207.0","15.9","0.0","463.5"
"108","1992","7","Maharashtra","Aurangabad","2.0","61.0","273.5","216.4","58.8","0.0","611.7"
"108","1993","7","Maharashtra","Aurangabad","2.3","61.4","290.2","249.5","71.0","0.0","674.4"
"108","1994","7","Maharashtra","Aurangabad","2.7","63.0","-1.0","248.6","-1.0","0.0","314.3"
"108","1995","7","Maharashtra","Aurangabad","1.9","33.7","403.7","247.1","116.1","0.0","802.5"
"108","1996","7","Maharashtra","Aurangabad","1.6","51.6","411.4","285.3","116.7","0.0","866.6"
"108","1997","7","Maharashtra","Aurangabad","1.2","51.1","389.7","178.6","70.1","0.0","690.7"
"108","1998","7","Maharashtra","Aurangabad","1.9","82.0","53.2","202.4","0.0","0.0","339.5"
"108","1999","7","Maharashtra","Aurangabad","1.9","73.0","65.0","218.1","0.0","0.0","358.0"
"108","2000","7","Maharashtra","Aurangabad","1.4","48.1","55.2","231.3","0.0","0.0","336.0"
"108","2001","7","Maharashtra","Aurangabad","0.9","53.5","40.6","211.8","0.0","0.0","306.8"
"108","2002","7","Maharashtra","Aurangabad","1.0","56.8","40.0","210.3","0.0","0.0","308.1"
"108","2003","7","Maharashtra","Aurangabad","1.1","47.7","34.1","180.9","0.0","0.0","263.8"
"108","2004","7","Maharashtra","Aurangabad","0.7","55.9","24.8","180.0","0.0","0.0","261.4"
"108","2005","7","Maharashtra","Aurangabad","0.1","63.9","310.2","176.6","0.2","0.0","551.0"
"108","2006","7","Maharashtra","Aurangabad","0.1","94.8","327.9","195.7","0.9","0.0","619.4"
"108","2007","7","Maharashtra","Aurangabad","0.0","73.3","257.8","154.6","0.3","0.0","486.0"
"108","2008","7","Maharashtra","Aurangabad","0.0","62.4","324.5","140.9","0.3","0.0","528.1"
"109","1966","7","Maharashtra","Parbhani","0.1","0.0","0.4","0.8","0.0","0.0","1.3"
"109","1967","7","Maharashtra","Parbhani","0.0","0.7","12.4","0.3","0.2","0.0","13.6"
"109","1968","7","Maharashtra","Parbhani","0.0","3.3","18.3","4.0","0.2","0.0","25.8"
"109","1969","7","Maharashtra","Parbhani","0.1","11.3","17.7","7.4","0.3","0.0","36.8"
"109","1970","7","Maharashtra","Parbhani","0.0","15.1","25.1","14.4","0.2","0.0","54.8"
"109","1971","7","Maharashtra","Parbhani","0.5","7.3","18.7","4.7","0.3","0.0","31.5"
"109","1972","7","Maharashtra","Parbhani","0.4","15.9","11.3","12.6","0.1","0.0","40.3"
"109","1973","7","Maharashtra","Parbhani","0.0","18.2","33.2","21.0","0.0","0.0","72.4"
"109","1974","7","Maharashtra","Parbhani","1.2","20.0","14.1","14.2","0.1","0.0","49.6"
"109","1975","7","Maharashtra","Parbhani","13.3","60.4","45.9","24.7","0.6","0.0","144.9"
"109","1976","7","Maharashtra","Parbhani","27.6","72.2","75.4","0.0","1.0","0.0","176.2"
"109","1977","7","Maharashtra","Parbhani","27.7","57.4","96.2","3.5","1.0","0.0","185.8"
"109","1978","7","Maharashtra","Parbhani","20.2","54.2","93.7","4.3","1.2","0.0","173.6"
"109","1979","7","Maharashtra","Parbhani","23.3","58.8","162.7","4.7","1.2","0.0","250.7"
"109","1980","7","Maharashtra","Parbhani","18.7","48.5","143.7","7.0","1.6","0.0","219.5"
"109","1981","7","Maharashtra","Parbhani","19.4","36.2","169.4","5.6","1.0","0.0","231.6"
"109","1982","7","Maharashtra","Parbhani","21.9","40.6","154.0","7.6","1.0","0.0","225.1"
"109","1983","7","Maharashtra","Parbhani","22.2","69.4","130.2","10.3","0.8","0.0","232.9"
"109","1984","7","Maharashtra","Parbhani","21.8","46.1","124.8","8.5","0.9","0.0","202.1"
"109","1985","7","Maharashtra","Parbhani","23.2","25.6","137.0","9.9","0.7","0.0","196.4"
"109","1986","7","Maharashtra","Parbhani","6.0","18.0","265.7","116.9","1.2","0.0","407.8"
"109","1987","7","Maharashtra","Parbhani","6.0","21.3","349.9","127.8","1.2","0.0","506.2"
"109","1988","7","Maharashtra","Parbhani","4.8","29.0","300.0","140.0","2.3","0.0","476.1"
"109","1989","7","Maharashtra","Parbhani","5.1","27.0","338.1","137.0","1.9","0.0","509.1"
"109","1990","7","Maharashtra","Parbhani","21.5","50.4","213.3","13.9","1.27","0.0","300.37"
"109","1991","7","Maharashtra","Parbhani","18.8","34.5","212.4","9.3","2.5","0.0","277.5"
"109","1992","7","Maharashtra","Parbhani","12.5","24.0","322.3","9.0","2.6","0.0","370.4"
"109","1993","7","Maharashtra","Parbhani","17.3","39.4","256.7","9.5","2.5","0.0","325.4"
"109","1994","7","Maharashtra","Parbhani","22.6","46.5","-1.0","8.1","-1.0","0.0","77.2"
"109","1995","7","Maharashtra","Parbhani","0.1","38.2","321.2","0.1","0.5","0.0","360.1"
"109","1996","7","Maharashtra","Parbhani","11.1","47.0","339.7","9.4","0.8","0.0","408.0"
"109","1997","7","Maharashtra","Parbhani","12.5","38.6","324.5","8.0","1.0","0.0","384.6"
"109","1998","7","Maharashtra","Parbhani","19.7","73.9","169.6","8.8","0.0","0.0","272.0"
"109","1999","7","Maharashtra","Parbhani","23.2","68.1","181.5","7.3","0.0","0.0","280.1"
"109","2000","7","Maharashtra","Parbhani","23.1","66.7","186.5","7.3","0.0","0.0","283.6"
"109","2001","7","Maharashtra","Parbhani","21.4","67.6","169.4","8.4","0.0","0.0","266.8"
"109","2002","7","Maharashtra","Parbhani","21.8","75.8","169.4","9.2","0.0","0.0","276.2"
"109","2003","7","Maharashtra","Parbhani","16.5","74.9","169.3","9.6","0.0","0.0","270.3"
"109","2004","7","Maharashtra","Parbhani","15.2","62.4","158.1","10.0","0.0","0.0","245.7"
"109","2005","7","Maharashtra","Parbhani","5.5","83.5","342.3","5.9","1.2","0.0","438.4"
"109","2006","7","Maharashtra","Parbhani","12.1","102.0","329.6","7.0","1.3","0.0","452.0"
"109","2007","7","Maharashtra","Parbhani","10.7","90.1","298.1","6.2","0.3","0.0","405.4"
"109","2008","7","Maharashtra","Parbhani","6.3","54.8","275.0","6.4","1.5","0.0","344.0"
"110","1966","7","Maharashtra","Beed","0.0","0.2","0.2","0.2","0.2","0.0","0.8"
"110","1967","7","Maharashtra","Beed","0.0","1.4","11.8","6.9","0.6","0.0","20.7"
"110","1968","7","Maharashtra","Beed","0.0","1.8","12.2","18.3","0.2","0.0","32.5"
"110","1969","7","Maharashtra","Beed","0.0","5.4","13.0","31.6","0.1","0.0","50.1"
"110","1970","7","Maharashtra","Beed","0.0","8.1","24.1","56.4","0.0","0.0","88.6"
"110","1971","7","Maharashtra","Beed","0.0","9.4","15.2","9.7","0.0","0.0","34.3"
"110","1972","7","Maharashtra","Beed","0.0","0.4","15.1","39.0","0.0","0.0","54.5"
"110","1973","7","Maharashtra","Beed","0.0","2.7","18.4","91.2","0.0","0.0","112.3"
"110","1974","7","Maharashtra","Beed","0.0","6.1","15.2","39.4","0.0","0.0","60.7"
"110","1975","7","Maharashtra","Beed","0.2","39.1","33.4","40.2","0.1","0.0","113.0"
"110","1976","7","Maharashtra","Beed","8.8","28.3","58.5","4.5","0.6","0.0","100.7"
"110","1977","7","Maharashtra","Beed","6.1","51.9","73.1","11.3","0.7","0.0","143.1"
"110","1978","7","Maharashtra","Beed","6.0","41.9","70.4","22.3","1.1","0.0","141.7"
"110","1979","7","Maharashtra","Beed","3.8","46.8","56.9","36.6","1.0","0.0","145.1"
"110","1980","7","Maharashtra","Beed","6.5","34.7","67.8","72.8","0.9","0.0","182.7"
"110","1981","7","Maharashtra","Beed","1.4","46.9","46.8","38.8","1.0","0.0","134.9"
"110","1982","7","Maharashtra","Beed","5.9","32.3","138.2","92.6","0.9","0.0","269.9"
"110","1983","7","Maharashtra","Beed","2.4","50.0","297.4","127.6","0.9","0.0","478.3"
"110","1984","7","Maharashtra","Beed","2.4","33.2","285.0","105.1","1.0","0.0","426.7"
"110","1985","7","Maharashtra","Beed","4.7","27.1","307.5","122.2","1.1","0.0","462.6"
"110","1986","7","Maharashtra","Beed","7.3","2.7","132.6","3.6","0.5","0.0","146.7"
"110","1987","7","Maharashtra","Beed","14.0","15.4","158.2","3.7","0.7","0.0","192.0"
"110","1988","7","Maharashtra","Beed","15.0","19.0","101.4","8.4","0.4","0.0","144.2"
"110","1989","7","Maharashtra","Beed","17.0","22.3","186.2","6.4","0.6","0.0","232.5"
"110","1990","7","Maharashtra","Beed","5.7","28.0","328.9","2.4","3.55","0.0","368.55"
"110","1991","7","Maharashtra","Beed","4.6","9.3","236.6","136.3","3.7","0.0","390.5"
"110","1992","7","Maharashtra","Beed","4.3","13.1","238.0","175.6","2.7","0.0","433.7"
"110","1993","7","Maharashtra","Beed","3.5","20.0","273.0","170.0","3.0","0.0","469.5"
"110","1994","7","Maharashtra","Beed","4.0","22.0","-1.0","165.4","-1.0","0.0","189.4"
"110","1995","7","Maharashtra","Beed","3.1","20.6","288.8","181.3","2.4","0.0","496.2"
"110","1996","7","Maharashtra","Beed","2.8","26.6","283.2","186.9","2.2","0.0","501.7"
"110","1997","7","Maharashtra","Beed","1.9","20.9","331.0","145.5","3.4","0.0","502.7"
"110","1998","7","Maharashtra","Beed","3.0","33.0","221.0","163.0","4.0","0.0","424.0"
"110","1999","7","Maharashtra","Beed","3.5","34.0","74.7","178.8","0.0","0.0","291.0"
"110","2000","7","Maharashtra","Beed","3.2","39.7","80.2","194.4","0.0","0.0","317.5"
"110","2001","7","Maharashtra","Beed","2.1","35.1","68.2","166.5","0.0","0.0","271.9"
"110","2002","7","Maharashtra","Beed","2.1","28.7","67.5","166.5","0.0","0.0","264.8"
"110","2003","7","Maharashtra","Beed","2.1","25.1","67.1","160.7","0.0","0.0","255.0"
"110","2004","7","Maharashtra","Beed","2.0","27.3","54.8","156.8","0.0","0.0","240.9"
"110","2005","7","Maharashtra","Beed","0.3","42.7","282.5","162.6","0.7","0.0","488.8"
"110","2006","7","Maharashtra","Beed","0.5","52.3","284.3","184.1","0.9","0.0","522.1"
"110","2007","7","Maharashtra","Beed","1.4","61.8","267.0","162.1","0.8","0.0","493.1"
"110","2008","7","Maharashtra","Beed","0.7","65.2","294.5","135.0","1.2","0.0","496.6"
"111","1966","7","Maharashtra","Nanded","0.3","0.0","0.9","0.0","0.0","0.0","1.2"
"111","1967","7","Maharashtra","Nanded","0.1","0.7","12.8","0.0","0.1","0.0","13.7"
"111","1968","7","Maharashtra","Nanded","0.2","5.0","27.8","0.2","0.1","0.0","33.3"
"111","1969","7","Maharashtra","Nanded","0.3","9.5","15.3","0.0","0.0","0.0","25.1"
"111","1970","7","Maharashtra","Nanded","2.0","11.6","41.6","0.4","0.1","0.0","55.7"
"111","1971","7","Maharashtra","Nanded","0.7","8.0","20.2","0.2","0.1","0.0","29.2"
"111","1972","7","Maharashtra","Nanded","1.6","25.0","30.7","0.3","0.1","0.0","57.7"
"111","1973","7","Maharashtra","Nanded","2.4","7.5","57.2","2.3","0.0","0.0","69.4"
"111","1974","7","Maharashtra","Nanded","1.4","16.7","14.5","0.3","0.0","0.0","32.9"
"111","1975","7","Maharashtra","Nanded","11.5","34.6","51.9","0.7","0.3","0.0","99.0"
"111","1976","7","Maharashtra","Nanded","31.7","42.2","71.9","0.0","0.1","0.0","145.9"
"111","1977","7","Maharashtra","Nanded","36.2","34.0","82.2","0.3","0.3","0.0","153.0"
"111","1978","7","Maharashtra","Nanded","17.9","37.3","86.4","1.6","0.9","0.0","144.1"
"111","1979","7","Maharashtra","Nanded","30.0","33.7","132.2","0.7","0.3","0.0","196.9"
"111","1980","7","Maharashtra","Nanded","35.9","39.8","147.9","0.6","0.4","0.0","224.6"
"111","1981","7","Maharashtra","Nanded","30.3","29.4","154.6","0.8","0.4","0.0","215.5"
"111","1982","7","Maharashtra","Nanded","35.0","26.5","165.6","0.8","0.5","0.0","228.4"
"111","1983","7","Maharashtra","Nanded","36.8","47.6","161.2","1.1","0.6","0.0","247.3"
"111","1984","7","Maharashtra","Nanded","36.1","31.6","154.5","0.9","0.7","0.0","223.8"
"111","1985","7","Maharashtra","Nanded","37.6","19.5","221.8","0.0","0.3","0.0","279.2"
"111","1986","7","Maharashtra","Nanded","7.5","6.5","154.6","6.6","0.7","0.0","175.9"
"111","1987","7","Maharashtra","Nanded","10.5","13.4","170.3","7.9","0.7","0.0","202.8"
"111","1988","7","Maharashtra","Nanded","11.3","17.9","229.3","12.8","9.0","0.0","280.3"
"111","1989","7","Maharashtra","Nanded","9.9","15.7","208.5","10.9","1.4","0.0","246.4"
"111","1990","7","Maharashtra","Nanded","27.8","26.2","266.9","9.2","0.7","0.0","330.8"
"111","1991","7","Maharashtra","Nanded","21.1","16.1","247.0","0.0","0.8","0.0","285.0"
"111","1992","7","Maharashtra","Nanded","21.1","11.3","246.5","0.2","0.7","0.0","279.8"
"111","1993","7","Maharashtra","Nanded","23.5","21.8","253.1","0.5","1.5","0.0","300.4"
"111","1994","7","Maharashtra","Nanded","28.3","15.5","-1.0","1.1","-1.0","0.0","44.9"
"111","1995","7","Maharashtra","Nanded","24.5","20.5","198.1","1.0","1.5","0.0","245.6"
"111","1996","7","Maharashtra","Nanded","21.5","23.5","189.6","0.6","1.0","0.0","236.2"
"111","1997","7","Maharashtra","Nanded","22.0","14.9","222.1","0.7","0.0","0.0","259.7"
"111","1998","7","Maharashtra","Nanded","24.5","29.5","201.7","0.2","0.0","0.0","255.9"
"111","1999","7","Maharashtra","Nanded","22.4","28.3","200.5","0.3","0.0","0.0","251.5"
"111","2000","7","Maharashtra","Nanded","25.4","26.1","201.0","0.1","0.0","0.0","252.6"
"111","2001","7","Maharashtra","Nanded","21.3","23.8","166.7","0.5","0.0","0.0","212.3"
"111","2002","7","Maharashtra","Nanded","20.6","28.3","168.4","0.6","0.0","0.0","217.9"
"111","2003","7","Maharashtra","Nanded","20.0","30.2","160.8","0.5","0.0","0.0","211.5"
"111","2004","7","Maharashtra","Nanded","14.1","28.4","162.0","0.2","0.0","0.0","204.7"
"111","2005","7","Maharashtra","Nanded","9.9","37.7","200.0","0.1","0.2","0.0","247.9"
"111","2006","7","Maharashtra","Nanded","8.4","40.1","199.6","0.0","0.2","0.0","248.3"
"111","2007","7","Maharashtra","Nanded","13.8","22.7","193.3","0.0","0.1","0.0","229.9"
"111","2008","7","Maharashtra","Nanded","7.9","19.8","137.1","0.2","0.2","0.0","165.2"
"112","1966","7","Maharashtra","Osmanabad","0.1","0.0","0.4","0.0","0.1","0.0","0.6"
"112","1967","7","Maharashtra","Osmanabad","0.0","1.3","8.3","0.4","1.2","0.0","11.2"
"112","1968","7","Maharashtra","Osmanabad","0.0","5.5","17.9","2.3","1.3","0.0","27.0"
"112","1969","7","Maharashtra","Osmanabad","0.2","11.9","24.8","1.4","1.0","0.0","39.3"
"112","1970","7","Maharashtra","Osmanabad","0.6","4.8","55.7","2.7","0.6","0.0","64.4"
"112","1971","7","Maharashtra","Osmanabad","0.1","8.0","40.7","0.7","0.2","0.0","49.7"
"112","1972","7","Maharashtra","Osmanabad","0.1","5.3","33.8","1.1","0.3","0.0","40.6"
"112","1973","7","Maharashtra","Osmanabad","1.0","10.0","44.9","16.3","2.3","0.0","74.5"
"112","1974","7","Maharashtra","Osmanabad","0.2","16.8","53.9","3.3","0.6","0.0","74.8"
"112","1975","7","Maharashtra","Osmanabad","11.5","66.3","89.6","1.4","0.5","0.0","169.3"
"112","1976","7","Maharashtra","Osmanabad","18.1","41.2","125.9","0.0","1.7","0.0","186.9"
"112","1977","7","Maharashtra","Osmanabad","17.4","55.0","155.4","0.0","1.9","0.0","229.7"
"112","1978","7","Maharashtra","Osmanabad","19.6","43.6","159.1","0.0","3.3","0.0","225.6"
"112","1979","7","Maharashtra","Osmanabad","26.0","42.1","171.0","2.6","2.7","0.0","244.4"
"112","1980","7","Maharashtra","Osmanabad","20.2","60.2","159.5","1.6","2.0","0.0","243.5"
"112","1981","7","Maharashtra","Osmanabad","31.1","51.2","167.4","7.5","1.1","0.0","258.3"
"112","1982","7","Maharashtra","Osmanabad","33.0","47.9","209.8","2.5","0.9","0.0","294.1"
"112","1983","7","Maharashtra","Osmanabad","33.5","71.5","247.6","10.3","1.9","0.0","364.8"
"112","1984","7","Maharashtra","Osmanabad","32.9","47.5","237.2","8.5","2.1","0.0","328.2"
"112","1985","7","Maharashtra","Osmanabad","29.3","39.7","391.2","10.2","1.5","0.0","471.9"
"112","1986","7","Maharashtra","Osmanabad","51.2","36.4","437.4","10.5","0.9","0.0","536.4"
"112","1987","7","Maharashtra","Osmanabad","47.6","64.4","359.8","8.5","1.1","0.0","481.4"
"112","1988","7","Maharashtra","Osmanabad","45.2","79.8","334.4","10.2","2.0","0.0","471.6"
"112","1989","7","Maharashtra","Osmanabad","46.2","70.8","388.1","10.8","2.4","0.0","518.3"
"112","1990","7","Maharashtra","Osmanabad","29.0","38.2","392.9","4.3","7.87","0.0","472.27"
"112","1991","7","Maharashtra","Osmanabad","32.2","21.3","378.8","11.6","6.7","0.0","450.6"
"112","1992","7","Maharashtra","Osmanabad","32.0","6.1","480.4","13.2","4.5","0.0","536.2"
"112","1993","7","Maharashtra","Osmanabad","26.9","48.7","447.8","16.2","9.5","0.0","549.1"
"112","1994","7","Maharashtra","Osmanabad","31.2","35.2","-1.0","17.8","-1.0","0.0","84.2"
"112","1995","7","Maharashtra","Osmanabad","28.5","33.4","410.8","24.5","5.5","0.0","502.7"
"112","1996","7","Maharashtra","Osmanabad","22.6","48.1","460.1","22.3","5.7","0.0","558.8"
"112","1997","7","Maharashtra","Osmanabad","26.7","33.5","459.5","19.2","6.2","0.0","545.1"
"112","1998","7","Maharashtra","Osmanabad","28.0","67.0","434.0","22.0","11.0","0.0","562.0"
"112","1999","7","Maharashtra","Osmanabad","32.3","52.1","263.7","25.9","0.0","0.0","374.0"
"112","2000","7","Maharashtra","Osmanabad","36.1","52.6","259.4","22.4","0.0","0.0","370.5"
"112","2001","7","Maharashtra","Osmanabad","32.8","49.2","237.5","24.4","0.0","0.0","343.9"
"112","2002","7","Maharashtra","Osmanabad","32.2","47.0","238.6","26.6","0.0","0.0","344.4"
"112","2003","7","Maharashtra","Osmanabad","33.1","46.4","229.3","24.8","0.0","0.0","333.6"
"112","2004","7","Maharashtra","Osmanabad","33.0","46.9","213.1","23.7","0.0","0.0","316.7"
"112","2005","7","Maharashtra","Osmanabad","15.5","64.3","468.6","22.2","2.2","0.0","572.8"
"112","2006","7","Maharashtra","Osmanabad","18.0","71.5","461.9","25.9","2.2","0.0","579.5"
"112","2007","7","Maharashtra","Osmanabad","27.7","67.2","455.6","24.9","0.9","0.0","576.3"
"112","2008","7","Maharashtra","Osmanabad","8.7","68.4","472.9","22.1","1.4","0.0","573.5"
"113","1966","7","Maharashtra","Buldhana","0.1","0.9","0.6","0.0","0.0","0.0","1.6"
"113","1967","7","Maharashtra","Buldhana","0.0","0.2","31.2","3.8","0.4","0.0","35.6"
"113","1968","7","Maharashtra","Buldhana","0.0","0.9","93.1","14.2","0.4","0.0","108.6"
"113","1969","7","Maharashtra","Buldhana","0.0","1.3","54.2","2.9","0.2","0.0","58.6"
"113","1970","7","Maharashtra","Buldhana","0.0","9.4","64.2","3.4","0.2","0.0","77.2"
"113","1971","7","Maharashtra","Buldhana","0.0","8.5","49.8","1.9","0.0","0.0","60.2"
"113","1972","7","Maharashtra","Buldhana","0.1","16.6","52.0","2.8","0.2","0.0","71.7"
"113","1973","7","Maharashtra","Buldhana","0.2","24.6","57.1","7.5","0.9","0.0","90.3"
"113","1974","7","Maharashtra","Buldhana","0.1","19.5","62.9","7.1","0.9","0.0","90.5"
"113","1975","7","Maharashtra","Buldhana","0.5","40.8","91.7","6.1","1.0","0.0","140.1"
"113","1976","7","Maharashtra","Buldhana","2.9","32.5","117.5","2.3","1.2","0.0","156.4"
"113","1977","7","Maharashtra","Buldhana","2.2","44.7","149.0","1.6","0.6","0.0","198.1"
"113","1978","7","Maharashtra","Buldhana","2.9","38.6","140.4","2.0","0.7","0.0","184.6"
"113","1979","7","Maharashtra","Buldhana","2.9","38.3","167.8","2.8","1.3","0.0","213.1"
"113","1980","7","Maharashtra","Buldhana","3.2","25.3","176.5","3.6","1.2","0.0","209.8"
"113","1981","7","Maharashtra","Buldhana","3.3","27.6","188.8","3.8","1.2","0.0","224.7"
"113","1982","7","Maharashtra","Buldhana","2.1","11.1","203.3","6.3","0.0","0.0","222.8"
"113","1983","7","Maharashtra","Buldhana","2.4","38.4","206.4","8.8","1.4","0.0","257.4"
"113","1984","7","Maharashtra","Buldhana","2.4","25.5","197.8","7.3","1.5","0.0","234.5"
"113","1985","7","Maharashtra","Buldhana","2.7","12.0","215.6","8.4","1.7","0.0","240.4"
"113","1986","7","Maharashtra","Buldhana","2.6","7.5","210.9","9.7","1.8","0.0","232.5"
"113","1987","7","Maharashtra","Buldhana","2.3","7.0","225.2","9.0","2.1","0.0","245.6"
"113","1988","7","Maharashtra","Buldhana","2.9","28.1","204.9","7.9","1.9","0.0","245.7"
"113","1989","7","Maharashtra","Buldhana","4.0","27.5","209.1","7.6","2.1","0.0","250.3"
"113","1990","7","Maharashtra","Buldhana","3.8","28.1","205.3","6.1","2.8","0.0","246.1"
"113","1991","7","Maharashtra","Buldhana","4.1","11.8","198.6","14.5","2.4","0.0","231.4"
"113","1992","7","Maharashtra","Buldhana","2.8","17.9","201.9","9.8","11.9","0.0","244.3"
"113","1993","7","Maharashtra","Buldhana","2.4","19.8","193.9","1.6","19.9","0.0","237.6"
"113","1994","7","Maharashtra","Buldhana","1.0","26.4","-1.0","11.5","-1.0","0.0","38.9"
"113","1995","7","Maharashtra","Buldhana","1.1","20.8","119.9","12.8","0.7","0.0","155.3"
"113","1996","7","Maharashtra","Buldhana","1.0","20.2","173.5","7.0","21.5","0.0","223.2"
"113","1997","7","Maharashtra","Buldhana","0.7","18.4","164.0","9.2","2.5","0.0","194.8"
"113","1998","7","Maharashtra","Buldhana","0.0","36.0","143.0","5.0","3.0","0.0","187.0"
"113","1999","7","Maharashtra","Buldhana","0.1","30.1","130.5","7.5","0.0","0.0","168.2"
"113","2000","7","Maharashtra","Buldhana","0.1","21.6","128.4","5.9","0.0","0.0","156.0"
"113","2001","7","Maharashtra","Buldhana","0.3","22.0","116.8","4.8","0.0","0.0","143.9"
"113","2002","7","Maharashtra","Buldhana","0.0","26.9","114.5","5.1","0.0","0.0","146.5"
"113","2003","7","Maharashtra","Buldhana","0.0","29.8","105.8","3.7","0.0","0.0","139.3"
"113","2004","7","Maharashtra","Buldhana","0.0","26.5","99.9","3.7","0.0","0.0","130.1"
"113","2005","7","Maharashtra","Buldhana","0.0","26.1","111.0","3.6","0.1","0.0","140.8"
"113","2006","7","Maharashtra","Buldhana","0.0","58.2","87.8","3.7","1.6","0.0","151.3"
"113","2007","7","Maharashtra","Buldhana","0.0","59.3","75.0","2.8","0.5","0.0","137.6"
"113","2008","7","Maharashtra","Buldhana","0.0","47.4","62.6","3.7","0.3","0.0","114.0"
"114","1966","7","Maharashtra","Akola","0.1","0.5","0.5","0.1","0.6","0.0","1.8"
"114","1967","7","Maharashtra","Akola","0.3","0.2","33.6","0.4","0.3","0.0","34.8"
"114","1968","7","Maharashtra","Akola","0.2","0.5","90.8","3.1","0.8","0.0","95.4"
"114","1969","7","Maharashtra","Akola","0.1","3.7","22.8","1.0","0.1","0.0","27.7"
"114","1970","7","Maharashtra","Akola","0.0","4.6","43.0","5.6","0.0","0.0","53.2"
"114","1971","7","Maharashtra","Akola","0.0","3.7","19.2","1.1","0.0","0.0","24.0"
"114","1972","7","Maharashtra","Akola","0.0","10.6","15.9","0.8","0.0","0.0","27.3"
"114","1973","7","Maharashtra","Akola","0.0","15.4","20.4","7.3","0.1","0.0","43.2"
"114","1974","7","Maharashtra","Akola","0.4","11.7","20.0","1.6","0.1","0.0","33.8"
"114","1975","7","Maharashtra","Akola","1.3","54.7","40.8","2.3","0.1","0.0","99.2"
"114","1976","7","Maharashtra","Akola","5.2","62.1","70.8","0.1","0.2","0.0","138.4"
"114","1977","7","Maharashtra","Akola","4.0","65.1","93.0","0.1","0.2","0.0","162.4"
"114","1978","7","Maharashtra","Akola","7.1","55.4","99.4","0.7","0.2","0.0","162.8"
"114","1979","7","Maharashtra","Akola","7.1","51.8","108.3","0.8","0.3","0.0","168.3"
"114","1980","7","Maharashtra","Akola","6.9","54.2","102.9","1.2","0.3","0.0","165.5"
"114","1981","7","Maharashtra","Akola","6.2","37.4","108.9","2.3","0.3","0.0","155.1"
"114","1982","7","Maharashtra","Akola","6.4","32.0","125.7","3.0","0.2","0.0","167.3"
"114","1983","7","Maharashtra","Akola","6.1","51.5","132.8","3.3","0.1","0.0","193.8"
"114","1984","7","Maharashtra","Akola","6.0","34.2","127.2","2.7","0.1","0.0","170.2"
"114","1985","7","Maharashtra","Akola","6.1","22.5","192.1","3.6","0.3","0.0","224.6"
"114","1986","7","Maharashtra","Akola","5.7","21.7","198.3","3.7","0.2","0.0","229.6"
"114","1987","7","Maharashtra","Akola","5.2","24.3","214.0","3.4","0.5","0.0","247.4"
"114","1988","7","Maharashtra","Akola","4.5","23.5","214.3","5.5","0.2","0.0","248.0"
"114","1989","7","Maharashtra","Akola","5.1","28.5","249.9","5.8","0.0","0.0","289.3"
"114","1990","7","Maharashtra","Akola","6.1","27.3","235.3","1.6","0.4","0.0","270.7"
"114","1991","7","Maharashtra","Akola","5.5","7.6","252.8","5.9","0.9","0.0","272.7"
"114","1992","7","Maharashtra","Akola","4.4","14.9","262.0","5.3","0.2","0.0","286.8"
"114","1993","7","Maharashtra","Akola","5.1","15.8","238.5","5.1","0.2","0.0","264.7"
"114","1994","7","Maharashtra","Akola","5.6","19.3","-1.0","5.3","-1.0","0.0","30.2"
"114","1995","7","Maharashtra","Akola","3.5","18.9","195.7","5.9","0.0","0.0","224.0"
"114","1996","7","Maharashtra","Akola","3.1","20.6","211.3","5.1","0.6","0.0","240.7"
"114","1997","7","Maharashtra","Akola","2.9","17.8","197.0","5.6","0.7","0.0","224.0"
"114","1998","7","Maharashtra","Akola","2.6","26.2","158.1","3.7","0.0","0.0","190.6"
"114","1999","7","Maharashtra","Akola","1.7","21.3","159.4","5.0","0.0","0.0","187.4"
"114","2000","7","Maharashtra","Akola","1.5","22.5","152.9","3.6","0.0","0.0","180.5"
"114","2001","7","Maharashtra","Akola","1.1","23.6","144.4","3.8","0.0","0.0","172.9"
"114","2002","7","Maharashtra","Akola","1.0","24.8","142.8","4.2","0.0","0.0","172.8"
"114","2003","7","Maharashtra","Akola","0.8","19.8","138.8","3.5","0.0","0.0","162.9"
"114","2004","7","Maharashtra","Akola","0.4","6.4","132.0","2.7","0.0","0.0","141.5"
"114","2005","7","Maharashtra","Akola","0.1","22.5","136.5","2.4","0.0","0.0","161.5"
"114","2006","7","Maharashtra","Akola","0.1","54.2","135.9","2.7","0.6","0.0","193.5"
"114","2007","7","Maharashtra","Akola","0.1","83.1","113.3","1.6","0.2","0.0","198.3"
"114","2008","7","Maharashtra","Akola","0.1","50.4","76.9","1.3","0.1","0.0","128.8"
"115","1966","7","Maharashtra","Amarawati","0.2","0.1","0.2","0.4","0.0","0.0","0.9"
"115","1967","7","Maharashtra","Amarawati","0.0","0.2","18.2","1.5","0.7","0.0","20.6"
"115","1968","7","Maharashtra","Amarawati","0.0","0.3","38.4","4.0","0.4","0.0","43.1"
"115","1969","7","Maharashtra","Amarawati","0.0","1.9","21.8","0.8","0.3","0.0","24.8"
"115","1970","7","Maharashtra","Amarawati","0.2","1.8","36.7","1.0","0.1","0.0","39.8"
"115","1971","7","Maharashtra","Amarawati","0.0","5.6","23.8","1.0","0.0","0.0","30.4"
"115","1972","7","Maharashtra","Amarawati","0.0","12.5","21.6","0.7","0.0","0.0","34.8"
"115","1973","7","Maharashtra","Amarawati","0.1","11.9","20.3","3.8","0.1","0.0","36.2"
"115","1974","7","Maharashtra","Amarawati","0.2","11.4","24.0","1.2","0.1","0.0","36.9"
"115","1975","7","Maharashtra","Amarawati","0.2","41.1","30.1","0.8","0.1","0.0","72.3"
"115","1976","7","Maharashtra","Amarawati","2.6","20.7","67.9","0.0","0.2","0.0","91.4"
"115","1977","7","Maharashtra","Amarawati","3.8","30.9","84.4","0.0","0.2","0.0","119.3"
"115","1978","7","Maharashtra","Amarawati","6.2","49.2","84.5","0.1","0.4","0.0","140.4"
"115","1979","7","Maharashtra","Amarawati","6.2","17.4","123.5","0.2","0.5","0.0","147.8"
"115","1980","7","Maharashtra","Amarawati","62.0","46.7","128.6","1.1","0.5","0.0","238.9"
"115","1981","7","Maharashtra","Amarawati","7.7","48.2","119.5","0.5","1.3","0.0","177.2"
"115","1982","7","Maharashtra","Amarawati","7.8","21.0","126.2","0.4","0.9","0.0","156.3"
"115","1983","7","Maharashtra","Amarawati","7.4","47.7","126.9","1.3","0.7","0.0","184.0"
"115","1984","7","Maharashtra","Amarawati","7.3","31.7","121.6","1.1","0.8","0.0","162.5"
"115","1985","7","Maharashtra","Amarawati","8.5","30.8","138.0","1.7","0.7","0.0","179.7"
"115","1986","7","Maharashtra","Amarawati","8.4","20.0","142.9","2.1","0.8","0.0","174.2"
"115","1987","7","Maharashtra","Amarawati","7.8","21.9","152.2","1.7","0.7","0.0","184.3"
"115","1988","7","Maharashtra","Amarawati","6.6","31.1","85.2","0.8","0.7","0.0","124.4"
"115","1989","7","Maharashtra","Amarawati","5.9","22.6","157.7","0.8","0.4","0.0","187.4"
"115","1990","7","Maharashtra","Amarawati","6.8","21.7","156.4","9.0","0.7","0.0","194.6"
"115","1991","7","Maharashtra","Amarawati","10.2","7.7","159.8","0.9","0.7","0.0","179.3"
"115","1992","7","Maharashtra","Amarawati","10.2","13.4","189.9","2.0","0.8","0.0","216.3"
"115","1993","7","Maharashtra","Amarawati","7.7","9.9","168.2","2.3","0.8","0.0","188.9"
"115","1994","7","Maharashtra","Amarawati","7.4","13.5","-1.0","1.4","-1.0","0.0","22.3"
"115","1995","7","Maharashtra","Amarawati","9.2","13.2","115.1","1.4","0.0","0.0","138.9"
"115","1996","7","Maharashtra","Amarawati","8.3","14.0","113.7","0.3","1.4","0.0","137.7"
"115","1997","7","Maharashtra","Amarawati","7.8","15.8","101.3","0.3","0.7","0.0","125.9"
"115","1998","7","Maharashtra","Amarawati","8.1","19.4","109.3","0.6","0.0","0.0","137.4"
"115","1999","7","Maharashtra","Amarawati","8.0","17.1","114.9","1.0","0.0","0.0","141.0"
"115","2000","7","Maharashtra","Amarawati","8.4","12.4","115.2","0.5","0.0","0.0","136.5"
"115","2001","7","Maharashtra","Amarawati","9.1","10.3","100.0","0.6","0.0","0.0","120.0"
"115","2002","7","Maharashtra","Amarawati","9.5","10.3","100.8","0.7","0.0","0.0","121.3"
"115","2003","7","Maharashtra","Amarawati","8.8","11.1","98.2","0.7","0.0","0.0","118.8"
"115","2004","7","Maharashtra","Amarawati","8.3","10.3","90.9","0.6","0.0","0.0","110.1"
"115","2005","7","Maharashtra","Amarawati","5.6","17.0","94.1","0.3","0.2","0.0","117.2"
"115","2006","7","Maharashtra","Amarawati","4.8","25.4","94.7","0.2","0.2","0.0","125.3"
"115","2007","7","Maharashtra","Amarawati","6.3","53.7","77.9","0.2","0.1","0.0","138.2"
"115","2008","7","Maharashtra","Amarawati","4.5","45.4","40.3","0.3","0.1","0.0","90.6"
"116","1966","7","Maharashtra","Yeotmal","0.1","0.3","0.0","0.0","0.0","0.0","0.4"
"116","1967","7","Maharashtra","Yeotmal","0.1","0.1","52.6","0.1","0.0","0.0","52.9"
"116","1968","7","Maharashtra","Yeotmal","0.1","0.9","112.4","19.4","0.0","0.0","132.8"
"116","1969","7","Maharashtra","Yeotmal","0.2","1.9","38.6","24.0","0.0","0.0","64.7"
"116","1970","7","Maharashtra","Yeotmal","0.1","3.8","34.5","19.5","0.0","0.0","57.9"
"116","1971","7","Maharashtra","Yeotmal","0.2","4.7","12.4","4.3","0.1","0.0","21.7"
"116","1972","7","Maharashtra","Yeotmal","0.3","10.5","13.3","4.9","0.0","0.0","29.0"
"116","1973","7","Maharashtra","Yeotmal","1.5","11.9","27.5","13.9","0.0","0.0","54.8"
"116","1974","7","Maharashtra","Yeotmal","2.1","9.6","21.7","7.3","0.0","0.0","40.7"
"116","1975","7","Maharashtra","Yeotmal","2.4","27.7","37.3","9.6","0.0","0.0","77.0"
"116","1976","7","Maharashtra","Yeotmal","5.1","19.2","60.8","0.9","0.1","0.0","86.1"
"116","1977","7","Maharashtra","Yeotmal","5.1","23.4","77.4","1.3","0.1","0.0","107.3"
"116","1978","7","Maharashtra","Yeotmal","7.1","21.3","90.4","1.0","0.2","0.0","120.0"
"116","1979","7","Maharashtra","Yeotmal","7.4","17.9","102.0","0.4","0.3","0.0","128.0"
"116","1980","7","Maharashtra","Yeotmal","7.1","20.3","94.0","0.8","0.2","0.0","122.4"
"116","1981","7","Maharashtra","Yeotmal","8.3","24.1","118.3","4.2","0.2","0.0","155.1"
"116","1982","7","Maharashtra","Yeotmal","6.8","18.0","147.8","9.0","0.1","0.0","181.7"
"116","1983","7","Maharashtra","Yeotmal","7.1","32.7","156.6","7.7","0.1","0.0","204.2"
"116","1984","7","Maharashtra","Yeotmal","7.0","21.7","150.0","6.3","0.1","0.0","185.1"
"116","1985","7","Maharashtra","Yeotmal","5.0","15.0","205.5","9.3","0.1","0.0","234.9"
"116","1986","7","Maharashtra","Yeotmal","5.0","15.3","216.3","9.0","0.0","0.0","245.6"
"116","1987","7","Maharashtra","Yeotmal","4.5","11.5","221.4","8.1","0.3","0.0","245.8"
"116","1988","7","Maharashtra","Yeotmal","4.8","20.6","217.6","10.5","0.4","0.0","253.9"
"116","1989","7","Maharashtra","Yeotmal","4.0","17.5","225.7","10.0","0.2","0.0","257.4"
"116","1990","7","Maharashtra","Yeotmal","3.4","18.9","222.6","0.4","0.1","0.0","245.4"
"116","1991","7","Maharashtra","Yeotmal","3.4","5.9","221.9","9.8","0.2","0.0","241.2"
"116","1992","7","Maharashtra","Yeotmal","3.4","16.0","213.1","9.8","0.1","0.0","242.4"
"116","1993","7","Maharashtra","Yeotmal","2.2","16.2","219.8","7.7","0.1","0.0","246.0"
"116","1994","7","Maharashtra","Yeotmal","4.7","16.9","-1.0","8.9","-1.0","0.0","30.5"
"116","1995","7","Maharashtra","Yeotmal","1.9","19.2","161.5","9.6","0.0","0.0","192.2"
"116","1996","7","Maharashtra","Yeotmal","1.8","17.7","164.4","10.4","0.5","0.0","194.8"
"116","1997","7","Maharashtra","Yeotmal","0.9","13.6","160.8","7.4","0.4","0.0","183.1"
"116","1998","7","Maharashtra","Yeotmal","2.2","17.5","151.3","7.2","0.0","0.0","178.2"
"116","1999","7","Maharashtra","Yeotmal","4.9","18.3","152.5","8.6","0.0","0.0","184.3"
"116","2000","7","Maharashtra","Yeotmal","4.9","17.1","150.4","7.8","0.0","0.0","180.2"
"116","2001","7","Maharashtra","Yeotmal","4.2","15.9","136.6","4.5","0.0","0.0","161.2"
"116","2002","7","Maharashtra","Yeotmal","3.2","16.4","136.7","5.0","0.0","0.0","161.3"
"116","2003","7","Maharashtra","Yeotmal","2.8","16.9","126.5","4.4","0.0","0.0","150.6"
"116","2004","7","Maharashtra","Yeotmal","2.1","5.0","112.8","3.2","0.0","0.0","123.1"
"116","2005","7","Maharashtra","Yeotmal","0.8","14.0","115.0","2.6","0.2","0.0","132.6"
"116","2006","7","Maharashtra","Yeotmal","0.4","33.1","83.5","0.8","0.0","0.0","117.8"
"116","2007","7","Maharashtra","Yeotmal","0.6","45.6","81.7","0.7","0.0","0.0","128.6"
"116","2008","7","Maharashtra","Yeotmal","0.5","38.0","74.4","1.5","0.0","0.0","114.4"
"117","1966","7","Maharashtra","Wardha","0.2","0.0","0.0","0.0","0.0","0.0","0.2"
"117","1967","7","Maharashtra","Wardha","0.0","0.1","7.0","0.0","0.0","0.0","7.1"
"117","1968","7","Maharashtra","Wardha","0.0","0.0","17.1","0.1","0.0","0.0","17.2"
"117","1969","7","Maharashtra","Wardha","0.0","8.4","16.0","0.5","0.0","0.0","24.9"
"117","1970","7","Maharashtra","Wardha","0.0","4.3","11.5","1.0","0.0","0.0","16.8"
"117","1971","7","Maharashtra","Wardha","0.0","5.4","8.3","0.5","0.0","0.0","14.2"
"117","1972","7","Maharashtra","Wardha","0.0","9.4","5.4","0.4","0.0","0.0","15.2"
"117","1973","7","Maharashtra","Wardha","0.0","10.5","6.7","0.4","0.0","0.0","17.6"
"117","1974","7","Maharashtra","Wardha","1.5","10.5","9.2","0.1","0.0","0.0","21.3"
"117","1975","7","Maharashtra","Wardha","2.1","42.6","18.1","0.1","0.1","0.0","63.0"
"117","1976","7","Maharashtra","Wardha","6.6","45.0","37.1","0.0","0.0","0.0","88.7"
"117","1977","7","Maharashtra","Wardha","5.8","43.8","46.8","0.0","0.0","0.0","96.4"
"117","1978","7","Maharashtra","Wardha","9.3","42.1","53.8","0.0","0.0","0.0","105.2"
"117","1979","7","Maharashtra","Wardha","9.0","41.3","63.7","0.0","0.0","0.0","114.0"
"117","1980","7","Maharashtra","Wardha","0.0","44.8","70.4","0.0","0.0","0.0","115.2"
"117","1981","7","Maharashtra","Wardha","0.0","33.8","76.5","0.0","0.0","0.0","110.3"
"117","1982","7","Maharashtra","Wardha","8.3","34.7","83.0","0.0","0.0","0.0","126.0"
"117","1983","7","Maharashtra","Wardha","9.3","36.7","90.1","0.0","0.0","0.0","136.1"
"117","1984","7","Maharashtra","Wardha","9.1","24.4","86.3","0.0","0.0","0.0","119.8"
"117","1985","7","Maharashtra","Wardha","9.7","29.0","99.3","0.0","0.0","0.0","138.0"
"117","1986","7","Maharashtra","Wardha","8.9","26.6","104.6","0.0","0.0","0.0","140.1"
"117","1987","7","Maharashtra","Wardha","7.8","17.5","109.3","0.0","0.0","0.0","134.6"
"117","1988","7","Maharashtra","Wardha","5.6","22.7","98.1","0.0","0.0","0.0","126.4"
"117","1989","7","Maharashtra","Wardha","3.8","22.8","86.6","0.0","0.0","0.0","113.2"
"117","1990","7","Maharashtra","Wardha","3.5","21.1","107.8","0.0","0.0","0.0","132.4"
"117","1991","7","Maharashtra","Wardha","3.5","17.4","77.9","0.3","0.0","0.0","99.1"
"117","1992","7","Maharashtra","Wardha","1.2","15.6","78.2","0.0","0.0","0.0","95.0"
"117","1993","7","Maharashtra","Wardha","1.7","13.4","74.3","0.2","0.1","0.0","89.7"
"117","1994","7","Maharashtra","Wardha","1.4","16.6","-1.0","0.2","-1.0","0.0","18.2"
"117","1995","7","Maharashtra","Wardha","1.2","19.7","68.5","0.0","0.0","0.0","89.4"
"117","1996","7","Maharashtra","Wardha","1.1","14.5","69.6","0.0","0.0","0.0","85.2"
"117","1997","7","Maharashtra","Wardha","0.5","16.2","62.8","0.1","0.2","0.0","79.8"
"117","1998","7","Maharashtra","Wardha","0.5","19.4","53.2","0.1","0.0","0.0","73.2"
"117","1999","7","Maharashtra","Wardha","0.4","17.8","48.5","0.1","0.0","0.0","66.8"
"117","2000","7","Maharashtra","Wardha","0.5","19.3","43.1","0.0","0.0","0.0","62.9"
"117","2001","7","Maharashtra","Wardha","0.4","17.6","34.2","0.0","0.0","0.0","52.2"
"117","2002","7","Maharashtra","Wardha","0.4","18.5","33.8","0.0","0.0","0.0","52.7"
"117","2003","7","Maharashtra","Wardha","0.3","19.9","29.2","0.0","0.0","0.0","49.4"
"117","2004","7","Maharashtra","Wardha","0.2","15.5","24.7","0.0","0.0","0.0","40.4"
"117","2005","7","Maharashtra","Wardha","0.2","19.0","17.4","0.0","0.0","0.0","36.6"
"117","2006","7","Maharashtra","Wardha","0.0","25.3","16.1","0.0","0.0","0.0","41.4"
"117","2007","7","Maharashtra","Wardha","0.0","27.7","11.0","0.0","0.0","0.0","38.7"
"117","2008","7","Maharashtra","Wardha","0.0","19.2","4.6","0.0","0.0","0.0","23.8"
"118","1966","7","Maharashtra","Nagpur","2.0","1.2","0.1","0.1","0.0","0.0","3.4"
"118","1967","7","Maharashtra","Nagpur","0.9","0.0","4.4","0.0","0.1","0.0","5.4"
"118","1968","7","Maharashtra","Nagpur","2.0","0.4","17.0","0.0","0.0","0.0","19.4"
"118","1969","7","Maharashtra","Nagpur","1.4","1.5","6.7","0.1","0.0","0.0","9.7"
"118","1970","7","Maharashtra","Nagpur","2.4","5.9","8.1","0.0","0.0","0.0","16.4"
"118","1971","7","Maharashtra","Nagpur","1.6","5.2","3.9","0.0","0.0","0.0","10.7"
"118","1972","7","Maharashtra","Nagpur","1.8","7.3","4.7","0.0","0.0","0.0","13.8"
"118","1973","7","Maharashtra","Nagpur","5.7","12.3","11.2","0.0","0.0","0.0","29.2"
"118","1974","7","Maharashtra","Nagpur","6.2","17.3","8.6","0.0","0.0","0.0","32.1"
"118","1975","7","Maharashtra","Nagpur","8.3","77.9","18.9","0.0","0.0","0.0","105.1"
"118","1976","7","Maharashtra","Nagpur","24.1","79.2","27.9","0.0","0.0","0.0","131.2"
"118","1977","7","Maharashtra","Nagpur","26.5","73.9","37.4","0.0","0.0","0.0","137.8"
"118","1978","7","Maharashtra","Nagpur","28.3","74.0","44.5","0.1","0.0","0.0","146.9"
"118","1979","7","Maharashtra","Nagpur","35.3","79.4","53.7","0.0","0.2","0.0","168.6"
"118","1980","7","Maharashtra","Nagpur","32.9","23.0","65.6","0.0","0.3","0.0","121.8"
"118","1981","7","Maharashtra","Nagpur","33.2","63.5","67.0","0.0","0.0","0.0","163.7"
"118","1982","7","Maharashtra","Nagpur","25.1","60.8","69.8","0.0","0.2","0.0","155.9"
"118","1983","7","Maharashtra","Nagpur","45.0","76.7","115.1","0.0","0.1","0.0","236.9"
"118","1984","7","Maharashtra","Nagpur","44.1","50.9","110.3","0.0","0.1","0.0","205.4"
"118","1985","7","Maharashtra","Nagpur","39.7","70.8","95.3","0.0","0.0","0.0","205.8"
"118","1986","7","Maharashtra","Nagpur","39.8","62.7","103.3","0.0","0.0","0.0","205.8"
"118","1987","7","Maharashtra","Nagpur","26.3","29.5","115.8","0.0","0.0","0.0","171.6"
"118","1988","7","Maharashtra","Nagpur","37.8","44.2","93.7","0.0","0.0","0.0","175.7"
"118","1989","7","Maharashtra","Nagpur","28.9","34.3","99.3","0.0","0.0","0.0","162.5"
"118","1990","7","Maharashtra","Nagpur","35.0","39.4","109.8","0.0","0.0","0.0","184.2"
"118","1991","7","Maharashtra","Nagpur","36.1","30.0","97.4","0.0","0.0","0.0","163.5"
"118","1992","7","Maharashtra","Nagpur","34.0","21.9","103.1","0.0","0.0","0.0","159.0"
"118","1993","7","Maharashtra","Nagpur","27.3","50.5","117.3","0.0","0.0","0.0","195.1"
"118","1994","7","Maharashtra","Nagpur","34.7","49.6","-1.0","0.1","-1.0","0.0","84.4"
"118","1995","7","Maharashtra","Nagpur","38.3","46.0","64.7","0.0","0.0","0.0","149.0"
"118","1996","7","Maharashtra","Nagpur","31.2","50.6","65.4","0.0","0.4","0.0","147.6"
"118","1997","7","Maharashtra","Nagpur","27.7","55.0","55.0","0.0","0.0","0.0","137.7"
"118","1998","7","Maharashtra","Nagpur","27.3","59.4","51.6","0.1","0.0","0.0","138.4"
"118","1999","7","Maharashtra","Nagpur","35.4","58.7","49.0","0.1","0.0","0.0","143.2"
"118","2000","7","Maharashtra","Nagpur","35.7","29.6","38.2","0.0","0.0","0.0","103.5"
"118","2001","7","Maharashtra","Nagpur","37.4","28.2","42.3","0.0","0.0","0.0","107.9"
"118","2002","7","Maharashtra","Nagpur","36.6","28.8","45.6","0.0","0.0","0.0","111.0"
"118","2003","7","Maharashtra","Nagpur","37.8","33.5","43.7","0.0","0.0","0.0","115.0"
"118","2004","7","Maharashtra","Nagpur","37.1","31.6","39.7","0.0","0.0","0.0","108.4"
"118","2005","7","Maharashtra","Nagpur","45.8","50.2","41.9","0.0","0.0","0.0","137.9"
"118","2006","7","Maharashtra","Nagpur","45.6","63.3","36.8","0.0","0.0","0.0","145.7"
"118","2007","7","Maharashtra","Nagpur","49.7","67.2","24.1","0.0","0.0","0.0","141.0"
"118","2008","7","Maharashtra","Nagpur","56.9","40.7","19.3","0.0","0.0","0.0","116.9"
"119","1966","7","Maharashtra","Bhandara","7.5","0.0","0.0","0.0","0.0","0.0","7.5"
"119","1967","7","Maharashtra","Bhandara","10.5","0.8","0.6","0.0","0.0","0.0","11.9"
"119","1968","7","Maharashtra","Bhandara","14.8","0.7","0.5","0.0","0.0","0.0","16.0"
"119","1969","7","Maharashtra","Bhandara","24.1","0.0","0.3","0.0","0.0","0.0","24.4"
"119","1970","7","Maharashtra","Bhandara","30.5","1.7","0.1","0.0","0.0","0.0","32.3"
"119","1971","7","Maharashtra","Bhandara","33.3","3.0","0.0","0.0","0.0","0.0","36.3"
"119","1972","7","Maharashtra","Bhandara","33.0","6.8","0.0","0.0","0.0","0.0","39.8"
"119","1973","7","Maharashtra","Bhandara","66.6","3.3","0.0","0.0","0.0","0.0","69.9"
"119","1974","7","Maharashtra","Bhandara","46.3","5.0","0.1","0.0","0.0","0.0","51.4"
"119","1975","7","Maharashtra","Bhandara","94.0","31.5","0.1","0.0","0.0","0.0","125.6"
"119","1976","7","Maharashtra","Bhandara","119.0","29.4","0.2","0.0","0.0","0.0","148.6"
"119","1977","7","Maharashtra","Bhandara","136.4","39.4","0.2","0.0","0.1","0.0","176.1"
"119","1978","7","Maharashtra","Bhandara","146.6","23.2","0.3","0.0","0.0","0.0","170.1"
"119","1979","7","Maharashtra","Bhandara","150.0","8.3","0.1","0.0","0.0","0.0","158.4"
"119","1980","7","Maharashtra","Bhandara","156.0","14.6","13.4","0.0","0.1","0.0","184.1"
"119","1981","7","Maharashtra","Bhandara","178.6","22.8","0.2","0.0","0.0","0.0","201.6"
"119","1982","7","Maharashtra","Bhandara","165.3","22.3","0.3","0.0","0.1","0.0","188.0"
"119","1983","7","Maharashtra","Bhandara","191.5","30.4","0.8","0.0","0.1","0.0","222.8"
"119","1984","7","Maharashtra","Bhandara","187.8","20.2","0.8","0.0","0.1","0.0","208.9"
"119","1985","7","Maharashtra","Bhandara","215.2","23.0","0.6","0.0","0.0","0.0","238.8"
"119","1986","7","Maharashtra","Bhandara","217.4","23.0","0.3","0.0","0.0","0.0","240.7"
"119","1987","7","Maharashtra","Bhandara","107.6","25.0","0.4","0.0","0.0","0.0","133.0"
"119","1988","7","Maharashtra","Bhandara","234.1","26.0","1.0","0.0","0.0","0.0","261.1"
"119","1989","7","Maharashtra","Bhandara","225.9","9.0","1.0","0.0","0.0","0.0","235.9"
"119","1990","7","Maharashtra","Bhandara","265.0","20.1","1.1","0.0","0.0","0.0","286.2"
"119","1991","7","Maharashtra","Bhandara","262.9","11.3","0.7","0.0","0.0","0.0","274.9"
"119","1992","7","Maharashtra","Bhandara","264.6","11.0","2.1","0.0","0.0","0.0","277.7"
"119","1993","7","Maharashtra","Bhandara","288.9","20.2","5.4","0.0","0.0","0.0","314.5"
"119","1994","7","Maharashtra","Bhandara","285.1","22.0","-1.0","0.0","-1.0","0.0","307.1"
"119","1995","7","Maharashtra","Bhandara","300.3","21.5","2.1","0.0","0.0","0.0","323.9"
"119","1996","7","Maharashtra","Bhandara","255.6","17.1","3.4","0.0","0.3","0.0","276.4"
"119","1997","7","Maharashtra","Bhandara","287.8","12.4","3.9","0.0","0.0","0.0","304.1"
"119","1998","7","Maharashtra","Bhandara","286.5","21.1","0.2","0.0","0.0","0.0","307.8"
"119","1999","7","Maharashtra","Bhandara","309.6","10.6","0.0","0.0","0.0","0.0","320.2"
"119","2000","7","Maharashtra","Bhandara","305.2","10.3","0.0","0.0","0.0","0.0","315.5"
"119","2001","7","Maharashtra","Bhandara","288.2","14.0","0.2","0.0","0.0","0.0","302.4"
"119","2002","7","Maharashtra","Bhandara","289.9","13.4","0.2","0.0","0.0","0.0","303.5"
"119","2003","7","Maharashtra","Bhandara","292.4","13.2","0.1","0.0","0.0","0.0","305.7"
"119","2004","7","Maharashtra","Bhandara","280.8","7.4","0.0","0.0","0.0","0.0","288.2"
"119","2005","7","Maharashtra","Bhandara","381.4","13.6","0.2","0.0","0.0","0.0","395.2"
"119","2006","7","Maharashtra","Bhandara","376.8","16.3","0.1","0.0","0.0","0.0","393.2"
"119","2007","7","Maharashtra","Bhandara","388.7","18.2","0.0","0.0","0.0","0.0","406.9"
"119","2008","7","Maharashtra","Bhandara","363.9","8.8","0.0","0.0","0.0","0.0","372.7"
"120","1966","7","Maharashtra","Chandrapur","6.2","0.1","0.2","0.0","0.1","0.0","6.6"
"120","1967","7","Maharashtra","Chandrapur","4.7","0.5","1.5","0.0","0.2","0.0","6.9"
"120","1968","7","Maharashtra","Chandrapur","9.0","0.3","1.9","0.0","0.5","0.0","11.7"
"120","1969","7","Maharashtra","Chandrapur","22.9","0.9","1.9","0.0","0.2","0.0","25.9"
"120","1970","7","Maharashtra","Chandrapur","30.4","0.9","1.9","0.2","0.3","0.0","33.7"
"120","1971","7","Maharashtra","Chandrapur","28.7","1.4","1.5","0.1","0.3","0.0","32.0"
"120","1972","7","Maharashtra","Chandrapur","40.5","1.1","2.5","0.0","0.4","0.0","44.5"
"120","1973","7","Maharashtra","Chandrapur","76.8","4.9","2.0","0.0","0.1","0.0","83.8"
"120","1974","7","Maharashtra","Chandrapur","40.9","9.3","1.9","0.0","0.2","0.0","52.3"
"120","1975","7","Maharashtra","Chandrapur","80.9","42.8","5.4","0.0","0.2","0.0","129.3"
"120","1976","7","Maharashtra","Chandrapur","111.6","28.8","5.2","0.0","0.7","0.0","146.3"
"120","1977","7","Maharashtra","Chandrapur","123.8","35.8","9.8","0.0","0.4","0.0","169.8"
"120","1978","7","Maharashtra","Chandrapur","134.3","36.2","7.8","0.0","0.8","0.0","179.1"
"120","1979","7","Maharashtra","Chandrapur","132.3","38.0","9.7","0.0","0.5","0.0","180.5"
"120","1980","7","Maharashtra","Chandrapur","145.0","13.9","10.4","0.0","0.8","0.0","170.1"
"120","1981","7","Maharashtra","Chandrapur","165.2","17.6","16.4","0.0","1.0","0.0","200.2"
"120","1982","7","Maharashtra","Chandrapur","130.1","11.7","19.0","0.0","1.3","0.0","162.1"
"120","1983","7","Maharashtra","Chandrapur","169.3","36.5","26.7","0.0","1.5","0.0","234.0"
"120","1984","7","Maharashtra","Chandrapur","166.0","24.2","25.6","0.0","1.6","0.0","217.4"
"120","1985","7","Maharashtra","Chandrapur","166.9","13.8","47.1","0.0","0.0","0.0","227.8"
"120","1986","7","Maharashtra","Chandrapur","177.1","22.2","64.2","0.0","1.6","0.0","265.1"
"120","1987","7","Maharashtra","Chandrapur","165.6","22.3","75.5","0.1","2.2","0.0","265.7"
"120","1988","7","Maharashtra","Chandrapur","211.6","23.6","82.2","0.0","2.1","0.0","319.5"
"120","1989","7","Maharashtra","Chandrapur","221.5","19.1","83.2","0.0","1.2","0.0","325.0"
"120","1990","7","Maharashtra","Chandrapur","242.0","19.1","88.2","0.0","0.8","0.0","350.1"
"120","1991","7","Maharashtra","Chandrapur","230.1","18.8","72.4","0.0","1.9","0.0","323.2"
"120","1992","7","Maharashtra","Chandrapur","230.2","19.9","88.7","0.0","0.9","0.0","339.7"
"120","1993","7","Maharashtra","Chandrapur","245.8","28.4","156.8","0.0","0.9","0.0","431.9"
"120","1994","7","Maharashtra","Chandrapur","245.2","25.4","-1.0","0.0","-1.0","0.0","270.6"
"120","1995","7","Maharashtra","Chandrapur","251.3","28.5","98.3","0.0","3.2","0.0","381.3"
"120","1996","7","Maharashtra","Chandrapur","267.6","26.7","89.0","0.0","1.9","0.0","385.2"
"120","1997","7","Maharashtra","Chandrapur","243.6","29.5","99.4","0.0","2.6","0.0","375.1"
"120","1998","7","Maharashtra","Chandrapur","242.0","34.0","96.0","0.0","2.0","0.0","374.0"
"120","1999","7","Maharashtra","Chandrapur","262.4","30.8","19.0","0.0","0.0","0.0","312.2"
"120","2000","7","Maharashtra","Chandrapur","269.5","17.4","13.6","0.0","0.0","0.0","300.5"
"120","2001","7","Maharashtra","Chandrapur","263.9","23.0","15.0","0.0","0.0","0.0","301.9"
"120","2002","7","Maharashtra","Chandrapur","244.8","19.9","14.9","0.0","0.0","0.0","279.6"
"120","2003","7","Maharashtra","Chandrapur","246.8","21.6","13.8","0.0","0.0","0.0","282.2"
"120","2004","7","Maharashtra","Chandrapur","247.5","18.7","10.5","0.0","0.0","0.0","276.7"
"120","2005","7","Maharashtra","Chandrapur","282.4","27.9","32.8","0.0","0.0","0.0","343.1"
"120","2006","7","Maharashtra","Chandrapur","263.7","33.4","29.5","0.0","0.0","0.0","326.6"
"120","2007","7","Maharashtra","Chandrapur","316.2","37.4","25.0","0.0","0.0","0.0","378.6"
"120","2008","7","Maharashtra","Chandrapur","311.5","30.9","9.4","0.0","0.0","0.0","351.8"